id,code,name,active
evrk_A010000,A010000,"Augalininkystė ir gyvulininkystė, medžioklė ir susijusių paslaugų veikla",TRUE
evrk_A011000,A011000,Vienmečių augalų auginimas,TRUE
evrk_A011100,A011100,"Grūdinių (išskyrus ryžius), ankštinių ir aliejingų sėklų augalų auginimas",TRUE
evrk_A011200,A011200,Ryžių auginimas,TRUE
evrk_A011300,A011300,"Daržovių ir melionų, šakniavaisių ir gumbavaisių auginimas",TRUE
evrk_A011310,A011310,Bulvių auginimas,TRUE
evrk_A011320,A011320,Cukrinių runkelių auginimas,TRUE
evrk_A011330,A011330,Daržovių auginimas atvirame grunte,TRUE
evrk_A011340,A011340,Daržovių auginimas uždarame grunte,TRUE
evrk_A011350,A011350,Daržovių sėklų gavyba,TRUE
evrk_A011360,A011360,Grybų ir valgomųjų trumų auginimas,TRUE
evrk_A011400,A011400,Cukranendrių auginimas,TRUE
evrk_A011500,A011500,Tabako auginimas,TRUE
evrk_A011600,A011600,Pluoštinių augalų auginimas,TRUE
evrk_A011900,A011900,Kitų vienmečių augalų auginimas,TRUE
evrk_A011910,A011910,Gėlių auginimas,TRUE
evrk_A012000,A012000,Daugiamečių augalų auginimas,TRUE
evrk_A012100,A012100,Vynuogių auginimas,TRUE
evrk_A012200,A012200,Tropinių ir subtropinių vaisių ir uogų auginimas,TRUE
evrk_A012300,A012300,Citrusų vaisių auginimas,TRUE
evrk_A012400,A012400,Sėklavaisių ir kaulavaisių auginimas,TRUE
evrk_A012500,A012500,"Kitų vaismedžių, uogakrūmių ir riešutmedžių vaisių auginimas",TRUE
evrk_A012600,A012600,Aliejinių augalų vaisių ir uogų auginimas,TRUE
evrk_A012700,A012700,Gėrimams gaminti vartojamų augalų auginimas,TRUE
evrk_A012800,A012800,"Prieskoninių, kvapiųjų, vaistinių ir kitokių farmacijos pramonėje naudojamų augalų auginimas",TRUE
evrk_A012900,A012900,Kitų daugiamečių augalų auginimas,TRUE
evrk_A013000,A013000,Augalų dauginimas,TRUE
evrk_A013000,A013000,Augalų dauginimas,TRUE
evrk_A014000,A014000,Gyvulininkystė,TRUE
evrk_A014100,A014100,Pieninių galvijų auginimas,TRUE
evrk_A014200,A014200,Kitų galvijų ir buivolų auginimas,TRUE
evrk_A014210,A014210,Galvijų auginimas ir penėjimas mėsai,TRUE
evrk_A014220,A014220,Veislinių telyčių auginimas,TRUE
evrk_A014230,A014230,Veislinių bulių auginimas,TRUE
evrk_A014240,A014240,Veislinių bulių spermos gavyba,TRUE
evrk_A014300,A014300,Arklių ir kitų kanopinių gyvūnų auginimas,TRUE
evrk_A014400,A014400,Kupranugarių ir Camelidae šeimos gyvūnų auginimas,TRUE
evrk_A014500,A014500,Avių ir ožkų auginimas,TRUE
evrk_A014510,A014510,Avių auginimas,TRUE
evrk_A014520,A014520,Ožkų auginimas,TRUE
evrk_A014600,A014600,Kiaulių auginimas,TRUE
evrk_A014610,A014610,Kiaulių auginimas ir penėjimas mėsai,TRUE
evrk_A014620,A014620,Veislinių kiaulių auginimas,TRUE
evrk_A014700,A014700,Naminių paukščių auginimas,TRUE
evrk_A014710,A014710,Naminių paukščių auginimas mėsai ir kiaušinių gavybai,TRUE
evrk_A014720,A014720,Veislinių naminių paukščių auginimas,TRUE
evrk_A014900,A014900,Kitų gyvūnų auginimas,TRUE
evrk_A014910,A014910,Švelniakailių žvėrelių auginimas,TRUE
evrk_A014920,A014920,Bitininkystė,TRUE
evrk_A014930,A014930,Vynuoginių sraigių ir sliekų auginimas,TRUE
evrk_A015000,A015000,Mišrusis žemės ūkis,TRUE
evrk_A015000,A015000,Mišrusis žemės ūkis,TRUE
evrk_A016000,A016000,Žemės ūkiui būdingų paslaugų ir derliaus apdorojimo veikla,TRUE
evrk_A016100,A016100,Augalininkystei būdingų paslaugų veikla,TRUE
evrk_A016110,A016110,"Augalų apsaugos nuo ligų, kenkėjų ir piktžolių žemės ūkio paslaugų veikla",TRUE
evrk_A016120,A016120,Žemės ūkio augalų tręšimas mineralinėmis ir organinėmis trąšomis,TRUE
evrk_A016200,A016200,Gyvulininkystei būdingų paslaugų veikla,TRUE
evrk_A016210,A016210,Dirbtinio apsėklinimo veikla,TRUE
evrk_A016300,A016300,Derliaus apdorojimo veikla,TRUE
evrk_A016400,A016400,Sėklininkystė,TRUE
evrk_A017000,A017000,"Medžioklė, gaudymas spąstais ir susijusių paslaugų veikla",TRUE
evrk_A017000,A017000,"Medžioklė, gaudymas spąstais ir susijusių paslaugų veikla",TRUE
evrk_A020000,A020000,Miškininkystė ir medienos ruoša,TRUE
evrk_A021000,A021000,Miško medžių auginimas ir kita miškininkystės veikla,TRUE
evrk_A021000,A021000,Miško medžių auginimas ir kita miškininkystės veikla,TRUE
evrk_A022000,A022000,Medienos ruoša,TRUE
evrk_A022000,A022000,Medienos ruoša,TRUE
evrk_A023000,A023000,Laukinių nemedieninių produktų rinkimas,TRUE
evrk_A023000,A023000,Laukinių nemedieninių produktų rinkimas,TRUE
evrk_A023010,A023010,Miško grybų rinkimas,TRUE
evrk_A023020,A023020,Riešutų ir miško uogų rinkimas,TRUE
evrk_A024000,A024000,Miškininkystei būdingų paslaugų veikla,TRUE
evrk_A024000,A024000,Miškininkystei būdingų paslaugų veikla,TRUE
evrk_A030000,A030000,Žvejyba ir akvakultūra,TRUE
evrk_A031000,A031000,Žvejyba,TRUE
evrk_A031100,A031100,Jūrinė žvejyba,TRUE
evrk_A031110,A031110,Žuvų perdirbimas žvejybiniuose laivuose,TRUE
evrk_A031200,A031200,Gėlųjų vandenų žvejyba,TRUE
evrk_A032000,A032000,Akvakultūra,TRUE
evrk_A032100,A032100,Jūrinė akvakultūra,TRUE
evrk_A032200,A032200,Gėlųjų vandenų akvakultūra,TRUE
evrk_B050000,B050000,Akmens anglių ir rusvųjų anglių kasyba,TRUE
evrk_B051000,B051000,Juodųjų akmens anglių (antracito) kasyba,TRUE
evrk_B051000,B051000,Juodųjų akmens anglių (antracito) kasyba,TRUE
evrk_B052000,B052000,Rusvųjų anglių kasyba,TRUE
evrk_B052000,B052000,Rusvųjų anglių kasyba,TRUE
evrk_B060000,B060000,Žalios naftos ir gamtinių dujų gavyba,TRUE
evrk_B061000,B061000,Žalios naftos gavyba,TRUE
evrk_B061000,B061000,Žalios naftos gavyba,TRUE
evrk_B062000,B062000,Gamtinių dujų gavyba,TRUE
evrk_B062000,B062000,Gamtinių dujų gavyba,TRUE
evrk_B070000,B070000,Metalų rūdų kasyba,TRUE
evrk_B071000,B071000,Geležies rūdų kasyba,TRUE
evrk_B071000,B071000,Geležies rūdų kasyba,TRUE
evrk_B072000,B072000,Spalvotųjų metalų rūdų kasyba,TRUE
evrk_B072100,B072100,Urano ir torio rūdų kasyba,TRUE
evrk_B072900,B072900,Kitų spalvotųjų metalų rūdų kasyba,TRUE
evrk_B080000,B080000,Kita kasyba ir karjerų eksploatavimas,TRUE
evrk_B081000,B081000,"Akmens, smėlio ir molio karjerų eksploatavimas",TRUE
evrk_B081100,B081100,"Dekoratyvinio ir statybinio akmens, klinčių, gipso, kreidos ir skalūno karjerų eksploatavimas",TRUE
evrk_B081200,B081200,Smėlio ir žvyro karjerų eksploatavimas; molio ir kaolino kasyba,TRUE
evrk_B089000,B089000,Niekur kitur nepriskirta kasyba ir karjerų eksploatavimas,TRUE
evrk_B089100,B089100,Mineralinių iškasenų chemijos pramonei ir trąšoms gaminti kasyba,TRUE
evrk_B089200,B089200,Durpių gavyba,TRUE
evrk_B089300,B089300,Druskos gavyba,TRUE
evrk_B089900,B089900,"Kita, niekur kitur nepriskirta, kasyba ir karjerų eksploatavimas",TRUE
evrk_B090000,B090000,Kasybai būdingų paslaugų veikla,TRUE
evrk_B091000,B091000,Naftos ir gamtinių dujų gavybai būdingų paslaugų veikla,TRUE
evrk_B091000,B091000,Naftos ir gamtinių dujų gavybai būdingų paslaugų veikla,TRUE
evrk_B091010,B091010,Gamtinių dujų parengimas transportuoti (gabenti),TRUE
evrk_B099000,B099000,Kitai kasybai ir karjerų eksploatavimui būdingų paslaugų veikla,TRUE
evrk_B099000,B099000,Kitai kasybai ir karjerų eksploatavimui būdingų paslaugų veikla,TRUE
evrk_C100000,C100000,Maisto produktų gamyba,TRUE
evrk_C101000,C101000,Mėsos perdirbimas ir konservavimas ir mėsos produktų gamyba,TRUE
evrk_C101100,C101100,Mėsos perdirbimas ir konservavimas,TRUE
evrk_C101200,C101200,Paukštienos perdirbimas ir konservavimas,TRUE
evrk_C101300,C101300,Mėsos ir paukštienos produktų gamyba,TRUE
evrk_C101310,C101310,Rūkytų mėsos ir paukštienos produktų gamyba,TRUE
evrk_C102000,C102000,"Žuvų, vėžiagyvių ir moliuskų perdirbimas ir konservavimas",TRUE
evrk_C102000,C102000,"Žuvų, vėžiagyvių ir moliuskų perdirbimas ir konservavimas",TRUE
evrk_C103000,C103000,Vaisių ir daržovių perdirbimas ir konservavimas,TRUE
evrk_C103100,C103100,Bulvių perdirbimas ir konservavimas,TRUE
evrk_C103110,C103110,Bulvių miltų gamyba,TRUE
evrk_C103200,C103200,"Vaisių, uogų ir daržovių sulčių gamyba",TRUE
evrk_C103900,C103900,Kitas vaisių ir daržovių perdirbimas ir konservavimas,TRUE
evrk_C104000,C104000,Gyvūninių ir augalinių riebalų bei aliejaus gamyba,TRUE
evrk_C104100,C104100,Aliejaus ir riebalų gamyba,TRUE
evrk_C104200,C104200,Margarino ir panašių valgomųjų riebalų gamyba,TRUE
evrk_C105000,C105000,Pieno produktų gamyba,TRUE
evrk_C105100,C105100,Pieninių veikla ir sūrių gamyba,TRUE
evrk_C105200,C105200,Valgomųjų ledų gamyba,TRUE
evrk_C106000,C106000,"Grūdų malimo produktų, krakmolo ir krakmolo produktų gamyba",TRUE
evrk_C106100,C106100,Grūdų malimo produktų gamyba,TRUE
evrk_C106110,C106110,Miltų gamyba,TRUE
evrk_C106120,C106120,Kruopų gamyba,TRUE
evrk_C106200,C106200,Krakmolo ir krakmolo produktų gamyba,TRUE
evrk_C106210,C106210,Gliukozės sirupo ir maltozės gamyba,TRUE
evrk_C106220,C106220,Krakmolo gamyba,TRUE
evrk_C107000,C107000,Kepyklos ir miltinių produktų gamyba,TRUE
evrk_C107100,C107100,Duonos gamyba; šviežių konditerijos kepinių ir pyragaičių gamyba,TRUE
evrk_C107200,C107200,Džiūvėsių ir sausainių gamyba; ilgai išsilaikančių konditerijos kepinių ir pyragaičių gamyba,TRUE
evrk_C107300,C107300,"Makaronų, vermišelių, kuskuso ir panašių miltinių produktų gamyba",TRUE
evrk_C108000,C108000,Kitų maisto produktų gamyba,TRUE
evrk_C108100,C108100,Cukraus gamyba,TRUE
evrk_C108200,C108200,"Kakavos, šokolado ir cukraus saldumynų gamyba",TRUE
evrk_C108300,C108300,Arbatos ir kavos apdorojimas ir perdirbimas,TRUE
evrk_C108400,C108400,Užgardų ir pagardų gamyba,TRUE
evrk_C108410,C108410,Acto gamyba,TRUE
evrk_C108500,C108500,Paruoštų valgių ir patiekalų gamyba,TRUE
evrk_C108600,C108600,Homogenizuotų ir dietinių maisto produktų gamyba,TRUE
evrk_C108900,C108900,"Kitų, niekur kitur nepriskirtų, maisto produktų gamyba",TRUE
evrk_C108910,C108910,Mielių gamyba,TRUE
evrk_C109000,C109000,Paruoštų pašarų gyvuliams gamyba,TRUE
evrk_C109100,C109100,Paruoštų pašarų ūkio gyvuliams gamyba,TRUE
evrk_C109200,C109200,Paruošto ėdalo naminiams gyvūnėliams gamyba,TRUE
evrk_C110000,C110000,Gėrimų gamyba,TRUE
evrk_C110000,C110000,Gėrimų gamyba,TRUE
evrk_C110100,C110100,"Spirito distiliavimas, rektifikavimas ir maišymas",TRUE
evrk_C110200,C110200,Vynuogių vyno gamyba,TRUE
evrk_C110300,C110300,"Sidro ir kitokių vaisių, uogų vynų gamyba",TRUE
evrk_C110400,C110400,Kitų nedistiliuotų fermentuotų gėrimų gamyba,TRUE
evrk_C110500,C110500,Alaus gamyba,TRUE
evrk_C110600,C110600,Salyklo gamyba,TRUE
evrk_C110700,C110700,"Nealkoholinių gėrimų gamyba; mineralinio ir kito, pilstomo į butelius, vandens gamyba",TRUE
evrk_C110710,C110710,Nealkoholinių gėrimų gamyba,TRUE
evrk_C110720,C110720,"Natūralaus mineralinio ir kito, pilstomo į butelius, vandens gamyba",TRUE
evrk_C120000,C120000,Tabako gaminių gamyba,TRUE
evrk_C120000,C120000,Tabako gaminių gamyba,TRUE
evrk_C120000,C120000,Tabako gaminių gamyba,TRUE
evrk_C130000,C130000,Tekstilės gaminių gamyba,TRUE
evrk_C131000,C131000,Tekstilės pluoštų paruošimas ir verpimas,TRUE
evrk_C131000,C131000,Tekstilės pluoštų paruošimas ir verpimas,TRUE
evrk_C132000,C132000,Tekstilės audimas,TRUE
evrk_C132000,C132000,Tekstilės audimas,TRUE
evrk_C132010,C132010,Lininių audinių audimas,TRUE
evrk_C132020,C132020,Sintetinių audinių audimas,TRUE
evrk_C133000,C133000,Tekstilės apdaila,TRUE
evrk_C133000,C133000,Tekstilės apdaila,TRUE
evrk_C139000,C139000,Kitų tekstilės gaminių ir dirbinių gamyba,TRUE
evrk_C139100,C139100,Megztų (trikotažinių) ir nertų medžiagų gamyba,TRUE
evrk_C139200,C139200,"Gatavų tekstilės dirbinių, išskyrus drabužius, gamyba",TRUE
evrk_C139300,C139300,Kilimų ir kilimėlių gamyba,TRUE
evrk_C139400,C139400,"Virvių, lynų, virvelių ir tinklų gamyba",TRUE
evrk_C139500,C139500,"Neaustinių medžiagų ir neaustinių medžiagų gaminių ir dirbinių, išskyrus drabužius, gamyba",TRUE
evrk_C139600,C139600,Kitų techninės ir pramoninės tekstilės gaminių ir dirbinių gamyba,TRUE
evrk_C139900,C139900,"Kitų, niekur kitur nepriskirtų, tekstilės gaminių ir dirbinių gamyba",TRUE
evrk_C140000,C140000,Drabužių siuvimas (gamyba),TRUE
evrk_C141000,C141000,"Drabužių, išskyrus kailinius drabužius, siuvimas (gamyba)",TRUE
evrk_C141100,C141100,Odinių drabužių siuvimas,TRUE
evrk_C141200,C141200,Darbo drabužių siuvimas,TRUE
evrk_C141300,C141300,Kitų viršutinių drabužių siuvimas,TRUE
evrk_C141310,C141310,Vyriškų viršutinių drabužių siuvimas,TRUE
evrk_C141320,C141320,Moteriškų viršutinių drabužių siuvimas,TRUE
evrk_C141400,C141400,Apatinių drabužių siuvimas,TRUE
evrk_C141900,C141900,Kitų drabužių siuvimas ir drabužių priedų gamyba,TRUE
evrk_C141910,C141910,Vaiko drabužėlių siuvimas,TRUE
evrk_C141920,C141920,Sportinės aprangos siuvimas,TRUE
evrk_C141930,C141930,Kailinių kepurių ir kitų galvos apdangalų gamyba,TRUE
evrk_C142000,C142000,Kailinių dirbinių ir gaminių gamyba,TRUE
evrk_C142000,C142000,Kailinių dirbinių ir gaminių gamyba,TRUE
evrk_C143000,C143000,Megztų (trikotažinių) ir nertų drabužių gamyba,TRUE
evrk_C143100,C143100,"Pėdkelnių, triko, kojinių ir kitų panašių megztų (trikotažinių) ir nertų gaminių bei dirbinių gamyba",TRUE
evrk_C143900,C143900,Kitų megztų (trikotažinių) ir nertų drabužių gamyba,TRUE
evrk_C150000,C150000,Odos ir odos dirbinių gamyba,TRUE
evrk_C151000,C151000,"Odų rauginimas ir išdirbimas; lagaminų, rankinių, balno reikmenų ir pakinktų gamyba; kailių išdirbimas ir dažymas",TRUE
evrk_C151100,C151100,Odų rauginimas ir išdirbimas; kailių išdirbimas ir dažymas,TRUE
evrk_C151110,C151110,"Odų rauginimas, naudojant augalines medžiagas",TRUE
evrk_C151120,C151120,"Odų rauginimas, naudojant mineralines ir chemines medžiagas",TRUE
evrk_C151130,C151130,Odų išdirbimas,TRUE
evrk_C151200,C151200,"Lagaminų, rankinių ir panašių reikmenų, balno reikmenų ir pakinktų gamyba",TRUE
evrk_C152000,C152000,Avalynės gamyba,TRUE
evrk_C152000,C152000,Avalynės gamyba,TRUE
evrk_C160000,C160000,"Medienos bei medienos ir kamštienos gaminių, išskyrus baldus, gamyba; gaminių iš šiaudų ir pynimo medžiagų gamyba",TRUE
evrk_C161000,C161000,Medienos pjaustymas ir obliavimas,TRUE
evrk_C161000,C161000,Medienos pjaustymas ir obliavimas,TRUE
evrk_C161010,C161010,Cheminis medienos apdorojimas konservantais,TRUE
evrk_C162000,C162000,"Gaminių ir dirbinių iš medienos, kamštienos, šiaudų ir pynimo medžiagų gamyba",TRUE
evrk_C162100,C162100,Faneravimo dangos ir medienos plokščių gamyba,TRUE
evrk_C162110,C162110,"Medienos plaušo plokščių, padengtų dekoratyvine plėvele, gamyba",TRUE
evrk_C162120,C162120,Presuotos medienos gamyba,TRUE
evrk_C162200,C162200,Sumontuotų parketo grindų gamyba,TRUE
evrk_C162300,C162300,Kitų statybinių dailidžių ir stalių dirbinių gamyba,TRUE
evrk_C162310,C162310,Fasoninių detalių ir malksnų (gontų) stogų dengimui gamyba,TRUE
evrk_C162320,C162320,Medinių surenkamųjų statinių ar jų detalių gamyba,TRUE
evrk_C162330,C162330,Medinių sieninių plokščių ir spintų gamyba,TRUE
evrk_C162400,C162400,Medinės taros gamyba,TRUE
evrk_C162410,C162410,"Padėklų, stovų ir kitų medinių pakrovimo reikmenų gamyba",TRUE
evrk_C162900,C162900,"Kitų medienos gaminių gamyba; dirbinių iš kamštienos, šiaudų ir pynimo medžiagų gamyba",TRUE
evrk_C170000,C170000,Popieriaus ir popieriaus gaminių gamyba,TRUE
evrk_C171000,C171000,"Plaušienos, popieriaus ir kartono gamyba",TRUE
evrk_C171100,C171100,Plaušienos gamyba,TRUE
evrk_C171200,C171200,Popieriaus ir kartono gamyba,TRUE
evrk_C172000,C172000,Popieriaus ir kartoninių gaminių gamyba,TRUE
evrk_C172100,C172100,Gofruotojo popieriaus ir kartono bei taros iš popieriaus ir kartono gamyba,TRUE
evrk_C172200,C172200,Buitinių ir higienos reikmenų bei tualeto reikmenų gamyba,TRUE
evrk_C172210,C172210,Tualetinio popieriaus gamyba,TRUE
evrk_C172300,C172300,Popierinių raštinės reikmenų gamyba,TRUE
evrk_C172310,C172310,Kopijavimo popieriaus gamyba,TRUE
evrk_C172320,C172320,Vokų ir atvirukų gamyba,TRUE
evrk_C172400,C172400,Sienų apmušalų (tapetų) gamyba,TRUE
evrk_C172900,C172900,Kitų popierinių ir kartoninių gaminių gamyba,TRUE
evrk_C172910,C172910,Filtravimo popieriaus gamyba,TRUE
evrk_C180000,C180000,Spausdinimas ir įrašytų laikmenų tiražavimas,TRUE
evrk_C181000,C181000,Spausdinimas ir su spausdinimu susijusios paslaugos,TRUE
evrk_C181100,C181100,Laikraščių spausdinimas,TRUE
evrk_C181200,C181200,Kitas spausdinimas,TRUE
evrk_C181300,C181300,Parengiamoji spausdinimo ir žiniasklaidos veikla,TRUE
evrk_C181400,C181400,Įrišimas ir susijusios paslaugos,TRUE
evrk_C182000,C182000,Įrašytų laikmenų tiražavimas,TRUE
evrk_C182000,C182000,Įrašytų laikmenų tiražavimas,TRUE
evrk_C190000,C190000,Kokso ir rafinuotų naftos produktų gamyba,TRUE
evrk_C191000,C191000,Koksavimo krosnių produktų gamyba,TRUE
evrk_C191000,C191000,Koksavimo krosnių produktų gamyba,TRUE
evrk_C192000,C192000,Rafinuotų naftos produktų gamyba,TRUE
evrk_C192000,C192000,Rafinuotų naftos produktų gamyba,TRUE
evrk_C192010,C192010,Skystojo arba dujinio kuro gamyba,TRUE
evrk_C192020,C192020,Tepalų ir kitų alyvų gamyba,TRUE
evrk_C192030,C192030,Parafino ir techninio vazelino  gamyba,TRUE
evrk_C192040,C192040,Naftos bitumo gamyba,TRUE
evrk_C200000,C200000,Chemikalų ir chemijos produktų gamyba,TRUE
evrk_C201000,C201000,"Pagrindinių chemikalų, trąšų ir azoto junginių, pirminių plastikų ir pirminio sintetinio kaučiuko gamyba",TRUE
evrk_C201100,C201100,Pramoninių dujų gamyba,TRUE
evrk_C201200,C201200,Dažiklių ir pigmentų gamyba,TRUE
evrk_C201300,C201300,Kitų pagrindinių neorganinių chemikalų gamyba,TRUE
evrk_C201400,C201400,Kitų pagrindinių organinių chemikalų gamyba,TRUE
evrk_C201500,C201500,Trąšų ir azoto junginių gamyba,TRUE
evrk_C201510,C201510,Grynųjų ar kompleksinių azoto ir fosforo trąšų gamyba,TRUE
evrk_C201520,C201520,Karbamido gamyba,TRUE
evrk_C201530,C201530,Amoniako gamyba,TRUE
evrk_C201600,C201600,Pirminių plastikų gamyba,TRUE
evrk_C201700,C201700,Pirminio sintetinio kaučiuko gamyba,TRUE
evrk_C202000,C202000,Pesticidų ir kitų agrocheminių medžiagų gamyba,TRUE
evrk_C202000,C202000,Pesticidų ir kitų agrocheminių medžiagų gamyba,TRUE
evrk_C202010,C202010,Dezinfekantų gamyba,TRUE
evrk_C203000,C203000,"Dažų, lakų ir panašių dangų medžiagų, spaustuvinių dažų ir mastikų gamyba",TRUE
evrk_C203000,C203000,"Dažų, lakų ir panašių dangų medžiagų, spaustuvinių dažų ir mastikų gamyba",TRUE
evrk_C203010,C203010,Emalinių dažų ir lakų gamyba,TRUE
evrk_C203020,C203020,Organinių sudėtingų tirpiklių ir skiediklių gamyba,TRUE
evrk_C204000,C204000,"Muilo ir ploviklių, valiklių ir blizgiklių, kvepalų ir tualeto priemonių gamyba",TRUE
evrk_C204100,C204100,"Muilo ir ploviklių, valiklių ir blizgiklių gamyba",TRUE
evrk_C204200,C204200,Kvepalų ir tualeto priemonių gamyba,TRUE
evrk_C205000,C205000,Kitų cheminių medžiagų gamyba,TRUE
evrk_C205100,C205100,Sprogiųjų medžiagų gamyba,TRUE
evrk_C205200,C205200,Klijų gamyba,TRUE
evrk_C205300,C205300,Eterinio aliejaus gamyba,TRUE
evrk_C205900,C205900,"Kitų, niekur kitur nepriskirtų, cheminių medžiagų gamyba",TRUE
evrk_C205910,C205910,"Lydymo, litavimo ar suvirinimo miltelių ir pastų gamyba",TRUE
evrk_C205920,C205920,"Aktyvintų anglių, tepalų priedų, paruoštų kaučiuko vulkanizavimo greitiklių, katalizatorių gamyba",TRUE
evrk_C205930,C205930,"Antidetonatorių, antifrizų, skysčių hidraulinėms sistemoms gamyba",TRUE
evrk_C205940,C205940,Rašalo ir tušo gamyba,TRUE
evrk_C206000,C206000,Cheminių pluoštų gamyba,TRUE
evrk_C206000,C206000,Cheminių pluoštų gamyba,TRUE
evrk_C210000,C210000,Pagrindinių vaistų pramonės gaminių ir farmacinių preparatų gamyba,TRUE
evrk_C211000,C211000,Pagrindinių vaistų pramonės gaminių gamyba,TRUE
evrk_C211000,C211000,Pagrindinių vaistų pramonės gaminių gamyba,TRUE
evrk_C211010,C211010,Narkotinių medžiagų gamyba,TRUE
evrk_C212000,C212000,Farmacinių preparatų gamyba,TRUE
evrk_C212000,C212000,Farmacinių preparatų gamyba,TRUE
evrk_C212010,C212010,Vaistų gamyba,TRUE
evrk_C212020,C212020,Veterinarinių vaistų gamyba,TRUE
evrk_C220000,C220000,Guminių ir plastikinių gaminių gamyba,TRUE
evrk_C221000,C221000,Guminių gaminių gamyba,TRUE
evrk_C221100,C221100,Guminių padangų ir kamerų gamyba; guminių padangų restauravimas ir atnaujinimas,TRUE
evrk_C221900,C221900,Kitų guminių gaminių gamyba,TRUE
evrk_C222000,C222000,Plastikinių gaminių gamyba,TRUE
evrk_C222100,C222100,"Plastikinių plokščių, lakštų, vamzdžių ir profiliuočių gamyba",TRUE
evrk_C222200,C222200,Plastikinių pakuočių gamyba,TRUE
evrk_C222300,C222300,Plastikinių statybos dirbinių gamyba,TRUE
evrk_C222900,C222900,Kitų plastikinių gaminių gamyba,TRUE
evrk_C230000,C230000,Kitų nemetalo mineralinių produktų gamyba,TRUE
evrk_C231000,C231000,Stiklo ir stiklo gaminių bei dirbinių gamyba,TRUE
evrk_C231100,C231100,Plokščiojo stiklo gamyba,TRUE
evrk_C231200,C231200,Plokščiojo stiklo pjaustymas ir apdorojimas,TRUE
evrk_C231300,C231300,Tuščiavidurio stiklo gamyba,TRUE
evrk_C231310,C231310,Stiklinių talpyklų gamyba,TRUE
evrk_C231400,C231400,Stiklo pluoštų gamyba,TRUE
evrk_C231900,C231900,"Kito stiklo, įskaitant skirto techninėms reikmėms, gamyba ir apdorojimas",TRUE
evrk_C231910,C231910,Stiklinių izoliatorių ir stiklinių izoliacinių jungiamųjų detalių gamyba,TRUE
evrk_C232000,C232000,Ugniai atsparių gaminių gamyba,TRUE
evrk_C232000,C232000,Ugniai atsparių gaminių gamyba,TRUE
evrk_C233000,C233000,Statybinių medžiagų iš molio gamyba,TRUE
evrk_C233100,C233100,Keraminių apdailos ir šaligatvio plytelių gamyba,TRUE
evrk_C233110,C233110,Koklių gamyba,TRUE
evrk_C233120,C233120,Keraminių grindinio dangų gamyba,TRUE
evrk_C233200,C233200,"Degto molio plytų, plytelių ir statybinių dirbinių gamyba",TRUE
evrk_C234000,C234000,Kitų porcelianinių ir keraminių gaminių bei dirbinių gamyba,TRUE
evrk_C234100,C234100,Keraminių buities ir puošybos gaminių bei dirbinių gamyba,TRUE
evrk_C234200,C234200,Keraminių santechnikos gaminių ir dirbinių gamyba,TRUE
evrk_C234300,C234300,Keraminių izoliatorių ir keraminių izoliacinių detalių gamyba,TRUE
evrk_C234400,C234400,Kitų techninės paskirties keraminių gaminių ir dirbinių gamyba,TRUE
evrk_C234900,C234900,Kitų keraminių gaminių ir dirbinių gamyba,TRUE
evrk_C235000,C235000,"Cemento, kalkių ir gipso gamyba",TRUE
evrk_C235100,C235100,Cemento gamyba,TRUE
evrk_C235200,C235200,Kalkių ir gipso gamyba,TRUE
evrk_C236000,C236000,"Betono, cemento ir gipso gaminių bei dirbinių gamyba",TRUE
evrk_C236100,C236100,"Betono gaminių, skirtų statybinėms reikmėms, gamyba",TRUE
evrk_C236200,C236200,"Gipso gaminių, naudojamų statybinėms reikmėms, gamyba",TRUE
evrk_C236300,C236300,Prekinio betono mišinio gamyba,TRUE
evrk_C236400,C236400,Statybinių skiedinių gamyba,TRUE
evrk_C236500,C236500,Fibrolito gamyba,TRUE
evrk_C236900,C236900,"Kitų betono, gipso ir cemento gaminių bei dirbinių gamyba",TRUE
evrk_C237000,C237000,"Akmens pjaustymas, tašymas ir apdailinimas",TRUE
evrk_C237000,C237000,"Akmens pjaustymas, tašymas ir apdailinimas",TRUE
evrk_C239000,C239000,Abrazyvinių gaminių ir niekur kitur nepriskirtų nemetalo mineralinių produktų gamyba,TRUE
evrk_C239100,C239100,Abrazyvinių gaminių gamyba,TRUE
evrk_C239900,C239900,"Kitų, niekur kitur nepriskirtų, nemetalo mineralinių produktų gamyba",TRUE
evrk_C239910,C239910,"Asbestinio pluošto, verpalų ir audinių bei gaminių iš jų gamyba",TRUE
evrk_C239920,C239920,Frikcinių medžiagų ir jų gaminių gamyba,TRUE
evrk_C239930,C239930,Mineralinių izoliacinių medžiagų gamyba,TRUE
evrk_C239940,C239940,Dirbinių iš bitumo gamyba,TRUE
evrk_C240000,C240000,Pagrindinių metalų gamyba,TRUE
evrk_C241000,C241000,Tomo ketaus ir plieno bei ferolydinių gamyba,TRUE
evrk_C241000,C241000,Tomo ketaus ir plieno bei ferolydinių gamyba,TRUE
evrk_C242000,C242000,"Plieninių vamzdžių, vamzdelių, tuščiavidurių profilių ir susijusių jungiamųjų detalių gamyba",TRUE
evrk_C242000,C242000,"Plieninių vamzdžių, vamzdelių, tuščiavidurių profilių ir susijusių jungiamųjų detalių gamyba",TRUE
evrk_C243000,C243000,Kitų plieno pirminio apdirbimo gaminių gamyba,TRUE
evrk_C243100,C243100,Šaltasis strypų tempimas,TRUE
evrk_C243200,C243200,Šaltasis siaurų juostų valcavimas,TRUE
evrk_C243300,C243300,Šaltasis formavimas ar lankstymas,TRUE
evrk_C243400,C243400,Šaltasis vielos tempimas,TRUE
evrk_C244000,C244000,Pagrindinių tauriųjų ir kitų spalvotųjų metalų gamyba,TRUE
evrk_C244100,C244100,Tauriųjų metalų gamyba,TRUE
evrk_C244200,C244200,Aliuminio gamyba,TRUE
evrk_C244300,C244300,"Švino, cinko ir alavo gamyba",TRUE
evrk_C244400,C244400,Vario gamyba,TRUE
evrk_C244500,C244500,Kitų spalvotųjų metalų gamyba,TRUE
evrk_C244600,C244600,Branduolinio kuro perdirbimas,TRUE
evrk_C245000,C245000,Metalų liejinių gamyba,TRUE
evrk_C245100,C245100,Geležies liejinių gamyba,TRUE
evrk_C245200,C245200,Plieno liejinių gamyba,TRUE
evrk_C245300,C245300,Lengvųjų metalų liejinių gamyba,TRUE
evrk_C245400,C245400,Kitų spalvotųjų metalų liejinių gamyba,TRUE
evrk_C250000,C250000,"Metalo gaminių, išskyrus mašinas ir įrenginius, gamyba",TRUE
evrk_C251000,C251000,Konstrukcinių metalo gaminių gamyba,TRUE
evrk_C251100,C251100,Metalo konstrukcijų ir jų dalių gamyba,TRUE
evrk_C251200,C251200,Metalinių durų ir langų gamyba,TRUE
evrk_C252000,C252000,"Metalinių cisternų, rezervuarų ir talpyklų gamyba",TRUE
evrk_C252100,C252100,Centrinio šildymo radiatorių ir katilų gamyba,TRUE
evrk_C252900,C252900,"Kitų metalinių cisternų, rezervuarų ir talpyklų gamyba",TRUE
evrk_C252910,C252910,Metalinių talpyklų suslėgtosioms ar suskystintosioms dujoms gamyba,TRUE
evrk_C253000,C253000,"Garo generatorių, išskyrus centrinio šildymo karšto vandens katilus, gamyba",TRUE
evrk_C253000,C253000,"Garo generatorių, išskyrus centrinio šildymo karšto vandens katilus, gamyba",TRUE
evrk_C254000,C254000,Ginklų ir šaudmenų gamyba,TRUE
evrk_C254000,C254000,Ginklų ir šaudmenų gamyba,TRUE
evrk_C255000,C255000,"Metalo kalimas, presavimas, štampavimas ir profiliavimas; miltelių metalurgija",TRUE
evrk_C255000,C255000,"Metalo kalimas, presavimas, štampavimas ir profiliavimas; miltelių metalurgija",TRUE
evrk_C256000,C256000,Metalų apdorojimas ir dengimas; mechaninis apdirbimas,TRUE
evrk_C256100,C256100,Metalų apdorojimas ir dengimas,TRUE
evrk_C256200,C256200,Mechaninis apdirbimas,TRUE
evrk_C257000,C257000,"Valgomųjų įrankių, kitų įrankių ir bendrųjų metalo dirbinių gamyba",TRUE
evrk_C257100,C257100,Valgomųjų ir kitų pjovimo įrankių gamyba,TRUE
evrk_C257200,C257200,Spynų ir vyrių gamyba,TRUE
evrk_C257300,C257300,Kitų įrankių gamyba,TRUE
evrk_C259000,C259000,Kitų metalo gaminių gamyba,TRUE
evrk_C259100,C259100,Plieninių statinių ir panašių talpyklų gamyba,TRUE
evrk_C259200,C259200,Lengvųjų metalų taros gamyba,TRUE
evrk_C259300,C259300,"Vielos gaminių, grandinių ir spyruoklių gamyba",TRUE
evrk_C259400,C259400,Tvirtinimo detalių ir sriegimo mašinų gaminių gamyba,TRUE
evrk_C259900,C259900,"Kitų, niekur kitur nepriskirtų, metalo gaminių gamyba",TRUE
evrk_C260000,C260000,"Kompiuterinių, elektroninių ir optinių gaminių gamyba",TRUE
evrk_C261000,C261000,Elektroninių komponentų ir plokščių gamyba,TRUE
evrk_C261100,C261100,Elektroninių komponentų gamyba,TRUE
evrk_C261200,C261200,Sumontuotų elektroninių plokščių gamyba,TRUE
evrk_C262000,C262000,Kompiuterių ir išorinės įrangos gamyba,TRUE
evrk_C262000,C262000,Kompiuterių ir išorinės įrangos gamyba,TRUE
evrk_C263000,C263000,Ryšių įrangos gamyba,TRUE
evrk_C263000,C263000,Ryšių įrangos gamyba,TRUE
evrk_C264000,C264000,Vartotojiškos elektroninės įrangos gamyba,TRUE
evrk_C264000,C264000,Vartotojiškos elektroninės įrangos gamyba,TRUE
evrk_C265000,C265000,"Matavimo, bandymo, navigacinės ir kontrolės įrangos gamyba; įvairių tipų laikrodžių gamyba",TRUE
evrk_C265100,C265100,"Matavimo, bandymo, navigacinės ir kontrolės įrangos prietaisų ir aparatų gamyba",TRUE
evrk_C265110,C265110,Elektros skaitiklių gamyba,TRUE
evrk_C265120,C265120,Vandens skaitiklių gamyba,TRUE
evrk_C265130,C265130,Dujų skaitiklių gamyba,TRUE
evrk_C265140,C265140,Automatinio reguliavimo ir kontrolės prietaisų gamyba,TRUE
evrk_C265200,C265200,Įvairių tipų laikrodžių gamyba,TRUE
evrk_C266000,C266000,"Švitinimo, elektromedicininės ir elektroterapinės įrangos gamyba",TRUE
evrk_C266000,C266000,"Švitinimo, elektromedicininės ir elektroterapinės įrangos gamyba",TRUE
evrk_C267000,C267000,Optinių prietaisų ir fotografijos įrangos gamyba,TRUE
evrk_C267000,C267000,Optinių prietaisų ir fotografijos įrangos gamyba,TRUE
evrk_C268000,C268000,Magnetinių ir optinių laikmenų gamyba,TRUE
evrk_C268000,C268000,Magnetinių ir optinių laikmenų gamyba,TRUE
evrk_C270000,C270000,Elektros įrangos gamyba,TRUE
evrk_C271000,C271000,"Elektros variklių, generatorių, transformatorių bei elektros skirstomosios ir valdymo įrangos gamyba",TRUE
evrk_C271100,C271100,"Elektros variklių, generatorių ir transformatorių gamyba",TRUE
evrk_C271200,C271200,Elektros skirstomosios ir valdymo įrangos gamyba,TRUE
evrk_C272000,C272000,Baterijų ir akumuliatorių gamyba,TRUE
evrk_C272000,C272000,Baterijų ir akumuliatorių gamyba,TRUE
evrk_C273000,C273000,Laidų ir instaliacijos įtaisų gamyba,TRUE
evrk_C273100,C273100,Skaidulinės optikos kabelių gamyba,TRUE
evrk_C273200,C273200,Kitų elektronikos bei elektros laidų ir kabelių gamyba,TRUE
evrk_C273300,C273300,Instaliacijos įtaisų gamyba,TRUE
evrk_C274000,C274000,Elektros apšvietimo įrangos gamyba,TRUE
evrk_C274000,C274000,Elektros apšvietimo įrangos gamyba,TRUE
evrk_C275000,C275000,Buitinių aparatų ir prietaisų gamyba,TRUE
evrk_C275100,C275100,Buitinių elektrinių aparatų ir prietaisų gamyba,TRUE
evrk_C275200,C275200,Buitinių neelektrinių aparatų ir prietaisų gamyba,TRUE
evrk_C279000,C279000,Kitos elektros įrangos gamyba,TRUE
evrk_C279000,C279000,Kitos elektros įrangos gamyba,TRUE
evrk_C280000,C280000,Niekur kitur nepriskirtų mašinų ir įrangos gamyba,TRUE
evrk_C281000,C281000,Bendrosios paskirties mašinų gamyba,TRUE
evrk_C281100,C281100,"Variklių ir turbinų, išskyrus orlaivių, transporto priemonių ir motociklų variklius, gamyba",TRUE
evrk_C281200,C281200,Hidraulinės energijos įrangos gamyba,TRUE
evrk_C281300,C281300,Kitų siurblių ir kompresorių gamyba,TRUE
evrk_C281400,C281400,Kitų čiaupų ir sklendžių gamyba,TRUE
evrk_C281500,C281500,"Guolių, krumpliaračių, krumplinių pavarų ir varomųjų elementų gamyba",TRUE
evrk_C282000,C282000,Kitų bendrosios paskirties mašinų ir įrangos gamyba,TRUE
evrk_C282100,C282100,"Orkaičių, krosnių ir krosnių degiklių gamyba",TRUE
evrk_C282200,C282200,Kėlimo ir krovimo įrangos gamyba,TRUE
evrk_C282300,C282300,Įstaigos mašinų ir įrangos (išskyrus kompiuterius ir išorinę įrangą) gamyba,TRUE
evrk_C282400,C282400,Variklinių rankinių įrankių gamyba,TRUE
evrk_C282500,C282500,Nebuitinių aušinimo ir vėdinimo įrenginių gamyba,TRUE
evrk_C282900,C282900,"Kitų, niekur kitur nepriskirtų, bendrosios paskirties mašinų ir įrangos gamyba",TRUE
evrk_C283000,C283000,Žemės ir miškų ūkio mašinų gamyba,TRUE
evrk_C283000,C283000,Žemės ir miškų ūkio mašinų gamyba,TRUE
evrk_C284000,C284000,Metalo formavimo įrangos ir staklių gamyba,TRUE
evrk_C284100,C284100,Metalo formavimo įrangos gamyba,TRUE
evrk_C284900,C284900,Kitų staklių gamyba,TRUE
evrk_C289000,C289000,Kitų specialiosios paskirties mašinų gamyba,TRUE
evrk_C289100,C289100,Metalurgijos mašinų gamyba,TRUE
evrk_C289200,C289200,"Kasybos, karjerų eksploatavimo ir statybos mašinų gamyba",TRUE
evrk_C289300,C289300,"Maisto, gėrimų ir tabako apdorojimo mašinų gamyba",TRUE
evrk_C289400,C289400,"Tekstilės, drabužių ir odos gaminių gamybos mašinų gamyba",TRUE
evrk_C289500,C289500,Popieriaus ir kartono gamybos mašinų gamyba,TRUE
evrk_C289600,C289600,Plastikų ir gumos gamybos mašinų gamyba,TRUE
evrk_C289900,C289900,"Kitų, niekur kitur nepriskirtų, specialiosios paskirties mašinų gamyba",TRUE
evrk_C290000,C290000,"Variklinių transporto priemonių, priekabų ir puspriekabių gamyba",TRUE
evrk_C291000,C291000,Variklinių transporto priemonių gamyba,TRUE
evrk_C291000,C291000,Variklinių transporto priemonių gamyba,TRUE
evrk_C292000,C292000,Variklinių transporto priemonių kėbulų gamyba; priekabų ir puspriekabių gamyba,TRUE
evrk_C292000,C292000,Variklinių transporto priemonių kėbulų gamyba; priekabų ir puspriekabių gamyba,TRUE
evrk_C293000,C293000,Variklinių transporto priemonių dalių ir pagalbinių reikmenų gamyba,TRUE
evrk_C293100,C293100,Variklinių transporto priemonių elektros ir elektroninės įrangos gamyba,TRUE
evrk_C293200,C293200,Variklinių transporto priemonių kitų dalių ir reikmenų gamyba,TRUE
evrk_C300000,C300000,Kitų transporto priemonių ir įrangos gamyba,TRUE
evrk_C301000,C301000,Įvairių tipų laivų statyba,TRUE
evrk_C301100,C301100,Laivų ir plūdriųjų konstrukcijų statyba,TRUE
evrk_C301200,C301200,Pramoginių ir sportinių katerių (laivų) statyba,TRUE
evrk_C302000,C302000,Geležinkelio lokomotyvų bei riedmenų gamyba,TRUE
evrk_C302000,C302000,Geležinkelio lokomotyvų bei riedmenų gamyba,TRUE
evrk_C303000,C303000,Orlaivių ir erdvėlaivių bei susijusios įrangos gamyba,TRUE
evrk_C303000,C303000,Orlaivių ir erdvėlaivių bei susijusios įrangos gamyba,TRUE
evrk_C304000,C304000,Karinių kovinių transporto priemonių gamyba,TRUE
evrk_C304000,C304000,Karinių kovinių transporto priemonių gamyba,TRUE
evrk_C309000,C309000,Niekur kitur nepriskirtų transporto priemonių gamyba,TRUE
evrk_C309100,C309100,Motociklų gamyba,TRUE
evrk_C309200,C309200,Dviračių ir invalidų vežimėlių gamyba,TRUE
evrk_C309900,C309900,"Kitos, niekur kitur nepriskirtos, transporto įrangos gamyba",TRUE
evrk_C310000,C310000,Baldų gamyba,TRUE
evrk_C310000,C310000,Baldų gamyba,TRUE
evrk_C310100,C310100,Įstaigos ir prekybos įmonių (parduotuvių) baldų gamyba,TRUE
evrk_C310200,C310200,Virtuvės baldų gamyba,TRUE
evrk_C310300,C310300,Čiužinių gamyba,TRUE
evrk_C310900,C310900,Kitų baldų gamyba,TRUE
evrk_C320000,C320000,Kita gamyba,TRUE
evrk_C321000,C321000,"Papuošalų, juvelyrinių, bižuterijos ir panašių dirbinių gamyba",TRUE
evrk_C321100,C321100,Monetų kalimas,TRUE
evrk_C321200,C321200,"Papuošalų, juvelyrinių ir panašių dirbinių gamyba",TRUE
evrk_C321300,C321300,Dirbtinės bižuterijos ir panašių dirbinių gamyba,TRUE
evrk_C322000,C322000,Muzikos instrumentų gamyba,TRUE
evrk_C322000,C322000,Muzikos instrumentų gamyba,TRUE
evrk_C323000,C323000,Sporto reikmenų gamyba,TRUE
evrk_C323000,C323000,Sporto reikmenų gamyba,TRUE
evrk_C324000,C324000,Žaidimų ir žaislų gamyba,TRUE
evrk_C324000,C324000,Žaidimų ir žaislų gamyba,TRUE
evrk_C324010,C324010,Konstravimo rinkinių gamyba,TRUE
evrk_C324020,C324020,Plastikinių žaislų gamyba,TRUE
evrk_C324030,C324030,Medinių žaislų gamyba,TRUE
evrk_C324040,C324040,Kimštinių žaislų gamyba,TRUE
evrk_C324050,C324050,Stalo arba kambario žaidimų gamyba,TRUE
evrk_C324060,C324060,Plastikinių triračių ir kitų žaislų su ratukais gamyba,TRUE
evrk_C324070,C324070,Elektrinių žaislų ir žaidimų gamyba,TRUE
evrk_C325000,C325000,"Medicinos ir odontologijos prietaisų, instrumentų ir reikmenų gamyba",TRUE
evrk_C325000,C325000,"Medicinos ir odontologijos prietaisų, instrumentų ir reikmenų gamyba",TRUE
evrk_C325010,C325010,Odontologinio cemento gamyba,TRUE
evrk_C325020,C325020,Ortopedinių ir kitokių įtaisų gamyba,TRUE
evrk_C325030,C325030,Protezų gamyba,TRUE
evrk_C329000,C329000,Niekur kitur nepriskirta gamyba,TRUE
evrk_C329100,C329100,Šluotų ir šepečių gamyba,TRUE
evrk_C329900,C329900,"Kita, niekur kitur nepriskirta, gamyba",TRUE
evrk_C329910,C329910,Medinių karstų ir kitų laidojimo reikmenų gamyba,TRUE
evrk_C330000,C330000,Mašinų ir įrangos remontas ir įrengimas,TRUE
evrk_C331000,C331000,"Metalo gaminių, mašinų ir įrangos remontas",TRUE
evrk_C331100,C331100,Metalo gaminių remontas,TRUE
evrk_C331200,C331200,Mašinų remontas,TRUE
evrk_C331300,C331300,Elektroninės ir optinės įrangos remontas,TRUE
evrk_C331400,C331400,Elektros įrangos remontas,TRUE
evrk_C331500,C331500,Įvairių tipų laivų remontas ir techninė priežiūra,TRUE
evrk_C331600,C331600,Orlaivių ir erdvėlaivių remontas ir techninė priežiūra,TRUE
evrk_C331700,C331700,Kitų transporto priemonių remontas ir techninė priežiūra,TRUE
evrk_C331900,C331900,Kitos įrangos remontas,TRUE
evrk_C332000,C332000,Pramoninių mašinų ir įrangos įrengimas,TRUE
evrk_C332000,C332000,Pramoninių mašinų ir įrangos įrengimas,TRUE
evrk_D350000,D350000,"Elektros, dujų, garo tiekimas ir oro kondicionavimas",TRUE
evrk_D351000,D351000,"Elektros energijos gamyba, perdavimas ir paskirstymas",TRUE
evrk_D351100,D351100,Elektros gamyba,TRUE
evrk_D351200,D351200,Elektros perdavimas,TRUE
evrk_D351300,D351300,Elektros paskirstymas,TRUE
evrk_D351400,D351400,Elektros pardavimas,TRUE
evrk_D352000,D352000,Dujų gamyba; dujinio kuro paskirstymas dujotiekiais,TRUE
evrk_D352100,D352100,Dujų gamyba,TRUE
evrk_D352200,D352200,Dujinio kuro paskirstymas dujotiekiais,TRUE
evrk_D352300,D352300,Dujų pardavimas dujotiekiais,TRUE
evrk_D353000,D353000,Garo tiekimas ir oro kondicionavimas,TRUE
evrk_D353000,D353000,Garo tiekimas ir oro kondicionavimas,TRUE
evrk_D353010,D353010,Garo tiekimas,TRUE
evrk_D353020,D353020,Karšto vandens tiekimas,TRUE
evrk_E360000,E360000,"Vandens surinkimas, valymas ir tiekimas",TRUE
evrk_E360000,E360000,"Vandens surinkimas, valymas ir tiekimas",TRUE
evrk_E360000,E360000,"Vandens surinkimas, valymas ir tiekimas",TRUE
evrk_E360010,E360010,Vandens surinkimas ir valymas,TRUE
evrk_E360020,E360020,Vandens tiekimas pramonės įmonėms,TRUE
evrk_E360030,E360030,Vandens tiekimas gyventojams,TRUE
evrk_E370000,E370000,Nuotekų valymas,TRUE
evrk_E370000,E370000,Nuotekų valymas,TRUE
evrk_E370000,E370000,Nuotekų valymas,TRUE
evrk_E380000,E380000,"Atliekų surinkimas, tvarkymas ir šalinimas; medžiagų atgavimas",TRUE
evrk_E381000,E381000,Atliekų surinkimas,TRUE
evrk_E381100,E381100,Nepavojingų atliekų surinkimas,TRUE
evrk_E381200,E381200,Pavojingų atliekų surinkimas,TRUE
evrk_E382000,E382000,Atliekų tvarkymas ir šalinimas,TRUE
evrk_E382100,E382100,Nepavojingų atliekų tvarkymas ir šalinimas,TRUE
evrk_E382200,E382200,Pavojingų atliekų tvarkymas ir šalinimas,TRUE
evrk_E383000,E383000,Medžiagų atgavimas,TRUE
evrk_E383100,E383100,Mašinų duženų išmontavimas,TRUE
evrk_E383200,E383200,Išrūšiuotų medžiagų atgavimas,TRUE
evrk_E390000,E390000,Regeneravimas ir kita atliekų tvarkyba,TRUE
evrk_E390000,E390000,Regeneravimas ir kita atliekų tvarkyba,TRUE
evrk_E390000,E390000,Regeneravimas ir kita atliekų tvarkyba,TRUE
evrk_F410000,F410000,Pastatų statyba,TRUE
evrk_F411000,F411000,Statybų plėtra,TRUE
evrk_F411000,F411000,Statybų plėtra,TRUE
evrk_F412000,F412000,Gyvenamųjų ir negyvenamųjų pastatų statyba,TRUE
evrk_F412000,F412000,Gyvenamųjų ir negyvenamųjų pastatų statyba,TRUE
evrk_F412010,F412010,Naujų pastatų statyba,TRUE
evrk_F412020,F412020,"Pastatų remontas, restauravimas ir rekonstravimas",TRUE
evrk_F420000,F420000,Inžinerinių statinių statyba,TRUE
evrk_F421000,F421000,Kelių ir geležinkelių tiesimas,TRUE
evrk_F421100,F421100,Kelių ir automagistralių tiesimas,TRUE
evrk_F421110,F421110,Kelio dangos ir stovėjimo aikštelių ženklinimas,TRUE
evrk_F421200,F421200,Geležinkelių ir požeminių geležinkelių tiesimas,TRUE
evrk_F421300,F421300,Tiltų ir tunelių statyba,TRUE
evrk_F422000,F422000,Komunalinių statinių statyba,TRUE
evrk_F422100,F422100,Komunalinių nuotekų statinių statyba,TRUE
evrk_F422200,F422200,Komunalinių elektros ir telekomunikacijos statinių statyba,TRUE
evrk_F429000,F429000,Kitų inžinerinių statinių statyba,TRUE
evrk_F429100,F429100,Vandens statinių statyba,TRUE
evrk_F429900,F429900,"Kitų, niekur kitur nepriskirtų, inžinerinių statinių statyba",TRUE
evrk_F430000,F430000,Specializuota statybos veikla,TRUE
evrk_F431000,F431000,Statinių nugriovimas ir statybvietės paruošimas,TRUE
evrk_F431100,F431100,Statinių nugriovimas,TRUE
evrk_F431200,F431200,Statybvietės paruošimas,TRUE
evrk_F431210,F431210,Paruošiamieji žemės kasimo darbai tiesiant kelius,TRUE
evrk_F431220,F431220,Žemės darbai statybos aikštelėse,TRUE
evrk_F431230,F431230,Sausinimo ir drėkinimo sistemų tiesimas,TRUE
evrk_F431300,F431300,Žvalgomasis gręžimas,TRUE
evrk_F432000,F432000,"Elektros, vandentiekio ir kitos įrangos įrengimas",TRUE
evrk_F432100,F432100,Elektros sistemų įrengimas,TRUE
evrk_F432110,F432110,Pastatų ir statinių elektros tinklų įrengimas,TRUE
evrk_F432120,F432120,Gaisro pavojaus ir apsaugos signalizacijos įrengimas,TRUE
evrk_F432130,F432130,"Antenų, ryšio sistemų įrengimas",TRUE
evrk_F432200,F432200,"Vandentiekio, šildymo ir oro kondicionavimo sistemų įrengimas",TRUE
evrk_F432900,F432900,Kitos įrangos įrengimas,TRUE
evrk_F433000,F433000,Statybos baigimas ir apdaila,TRUE
evrk_F433100,F433100,Tinkavimas,TRUE
evrk_F433200,F433200,Staliaus dirbinių įrengimas,TRUE
evrk_F433300,F433300,Grindų ir sienų dengimas,TRUE
evrk_F433400,F433400,Dažymas ir stiklinimas,TRUE
evrk_F433900,F433900,Kiti statybos baigiamieji ir apdailos darbai,TRUE
evrk_F439000,F439000,Kita specializuota statybos veikla,TRUE
evrk_F439100,F439100,Stogų dengimas,TRUE
evrk_F439900,F439900,"Kita, niekur kitur nepriskirta, specializuota statybos veikla",TRUE
evrk_G450000,G450000,Variklinių transporto priemonių ir motociklų didmeninė ir mažmeninė prekyba bei remontas,TRUE
evrk_G451000,G451000,Variklinių transporto priemonių pardavimas,TRUE
evrk_G451100,G451100,Automobilių ir lengvųjų variklinių transporto priemonių pardavimas,TRUE
evrk_G451900,G451900,Kitų variklinių transporto priemonių pardavimas,TRUE
evrk_G452000,G452000,Variklinių transporto priemonių techninė priežiūra ir remontas,TRUE
evrk_G452000,G452000,Variklinių transporto priemonių techninė priežiūra ir remontas,TRUE
evrk_G453000,G453000,Variklinių transporto priemonių atsarginių dalių ir pagalbinių reikmenų pardavimas,TRUE
evrk_G453100,G453100,Variklinių transporto priemonių atsarginių dalių ir pagalbinių reikmenų didmeninė prekyba,TRUE
evrk_G453200,G453200,Variklinių transporto priemonių atsarginių dalių ir pagalbinių reikmenų mažmeninė prekyba,TRUE
evrk_G454000,G454000,"Motociklų ir jų atsarginių dalių bei pagalbinių reikmenų pardavimas, techninė priežiūra ir remontas",TRUE
evrk_G454000,G454000,"Motociklų ir jų atsarginių dalių bei pagalbinių reikmenų pardavimas, techninė priežiūra ir remontas",TRUE
evrk_G460000,G460000,"Didmeninė prekyba, išskyrus prekybą variklinėmis transporto priemonėmis ir motociklais",TRUE
evrk_G461000,G461000,Didmeninė prekyba už atlygį ar pagal sutartį,TRUE
evrk_G461100,G461100,"Žemės ūkio žaliavų, gyvų gyvulių, tekstilės žaliavų ir pusgaminių pardavimo agentų veikla",TRUE
evrk_G461200,G461200,"Degalų, rūdų, metalų ir pramoninių cheminių preparatų pardavimo agentų veikla",TRUE
evrk_G461300,G461300,Statybinio miško ir statybinių medžiagų pardavimo agentų veikla,TRUE
evrk_G461400,G461400,"Mašinų, pramonės įrangos, laivų ir lėktuvų pardavimo agentų veikla",TRUE
evrk_G461500,G461500,"Baldų, namų ūkio reikmenų, metalo ir geležies dirbinių pardavimo agentų veikla",TRUE
evrk_G461600,G461600,"Tekstilės, drabužių, kailių, avalynės ir odos dirbinių pardavimo agentų veikla",TRUE
evrk_G461700,G461700,"Maisto produktų, gėrimų ir tabako pardavimo agentų veikla",TRUE
evrk_G461800,G461800,Kitų specifinių produktų pardavimo agentų specializuota veikla,TRUE
evrk_G461900,G461900,Įvairių prekių pardavimo agentų veikla,TRUE
evrk_G462000,G462000,Žemės ūkio žaliavų ir gyvų gyvulių didmeninė prekyba,TRUE
evrk_G462100,G462100,"Grūdų, neperdirbto tabako, sėklų ir pašarų gyvuliams didmeninė prekyba",TRUE
evrk_G462200,G462200,Gėlių ir sodinukų didmeninė prekyba,TRUE
evrk_G462300,G462300,Gyvų gyvulių didmeninė prekyba,TRUE
evrk_G462400,G462400,Kailių ir odų didmeninė prekyba,TRUE
evrk_G463000,G463000,"Maisto produktų, gėrimų, tabako ir jo gaminių didmeninė prekyba",TRUE
evrk_G463100,G463100,"Vaisių, uogų ir daržovių didmeninė prekyba",TRUE
evrk_G463200,G463200,Mėsos ir mėsos produktų didmeninė prekyba,TRUE
evrk_G463300,G463300,"Pieno produktų, kiaušinių bei valgomųjų aliejaus ir riebalų didmeninė prekyba",TRUE
evrk_G463400,G463400,Gėrimų didmeninė prekyba,TRUE
evrk_G463410,G463410,Alkoholinių gėrimų didmeninė prekyba,TRUE
evrk_G463420,G463420,Nealkoholinių gėrimų didmeninė prekyba,TRUE
evrk_G463500,G463500,Tabako gaminių didmeninė prekyba,TRUE
evrk_G463600,G463600,"Cukraus, šokolado ir cukraus saldumynų didmeninė prekyba",TRUE
evrk_G463700,G463700,"Kavos, arbatos, kakavos ir prieskonių didmeninė prekyba",TRUE
evrk_G463800,G463800,"Kitų maisto produktų, įskaitant žuvis, vėžiagyvius ir moliuskus, didmeninė prekyba",TRUE
evrk_G463900,G463900,"Maisto produktų, gėrimų ir tabako nespecializuota didmeninė prekyba",TRUE
evrk_G464000,G464000,Namų ūkio reikmenų didmeninė prekyba,TRUE
evrk_G464100,G464100,Tekstilės gaminių didmeninė prekyba,TRUE
evrk_G464200,G464200,Drabužių ir avalynės didmeninė prekyba,TRUE
evrk_G464210,G464210,Guminės avalynės didmeninė prekyba,TRUE
evrk_G464220,G464220,Odinės avalynės didmeninė prekyba,TRUE
evrk_G464230,G464230,Kailinių gaminių didmeninė prekyba,TRUE
evrk_G464240,G464240,Drabužių ir drabužių priedų didmeninė prekyba,TRUE
evrk_G464300,G464300,Elektrinių buitinių aparatų arba prietaisų didmeninė prekyba,TRUE
evrk_G464400,G464400,Porceliano ir stiklo dirbinių bei valymo priemonių didmeninė prekyba,TRUE
evrk_G464410,G464410,Porceliano ir stiklo dirbinių didmeninė prekyba,TRUE
evrk_G464420,G464420,Valymo priemonių didmeninė prekyba,TRUE
evrk_G464500,G464500,Kvepalų ir kosmetikos priemonių didmeninė prekyba,TRUE
evrk_G464600,G464600,Farmacijos prekių didmeninė prekyba,TRUE
evrk_G464610,G464610,Chirurginių ir ortopedinių instrumentų bei protezų didmeninė prekyba,TRUE
evrk_G464620,G464620,Vaistų ir vaistinių medžiagų didmeninė prekyba,TRUE
evrk_G464700,G464700,"Baldų, kilimų ir apšvietimo įrangos didmeninė prekyba",TRUE
evrk_G464800,G464800,"Laikrodžių, papuošalų ir juvelyrinių dirbinių didmeninė prekyba",TRUE
evrk_G464900,G464900,Kitų namų ūkio reikmenų didmeninė prekyba,TRUE
evrk_G465000,G465000,Informacijos ir ryšių technologijų (IRT) įrangos didmeninė prekyba,TRUE
evrk_G465100,G465100,"Kompiuterių, jų išorinės ir programinės įrangos didmeninė prekyba",TRUE
evrk_G465200,G465200,Elektroninės ir telekomunikacinės įrangos ir jos dalių didmeninė prekyba,TRUE
evrk_G466000,G466000,"Kitų mašinų, įrangos ir reikmenų didmeninė prekyba",TRUE
evrk_G466100,G466100,"Žemės ūkio mašinų, įrangos ir reikmenų didmeninė prekyba",TRUE
evrk_G466200,G466200,Staklių didmeninė prekyba,TRUE
evrk_G466300,G466300,"Kasybos, statybos ir statybos inžinerijos mašinų didmeninė prekyba",TRUE
evrk_G466400,G466400,Tekstilės pramonės mašinų bei siuvamųjų ir mezgimo mašinų didmeninė prekyba,TRUE
evrk_G466500,G466500,Įstaigos baldų didmeninė prekyba,TRUE
evrk_G466600,G466600,Kitų įstaigos mašinų ir įrangos didmeninė prekyba,TRUE
evrk_G466900,G466900,Kitų mašinų ir įrangos didmeninė prekyba,TRUE
evrk_G467000,G467000,Kita specializuota didmeninė prekyba,TRUE
evrk_G467100,G467100,"Kietojo, skystojo ir dujinio kuro bei priedų didmeninė prekyba",TRUE
evrk_G467110,G467110,Kietojo kuro didmeninė prekyba,TRUE
evrk_G467120,G467120,Benzino didmeninė prekyba,TRUE
evrk_G467130,G467130,Dujinio kuro didmeninė prekyba,TRUE
evrk_G467140,G467140,Dyzelinio kuro didmeninė prekyba,TRUE
evrk_G467150,G467150,Tepalų didmeninė prekyba,TRUE
evrk_G467200,G467200,Metalų rūdų ir metalų didmeninė prekyba,TRUE
evrk_G467300,G467300,"Medienos, statybinių medžiagų ir sanitarinių įrenginių didmeninė prekyba",TRUE
evrk_G467310,G467310,Popierinių sienų apmušalų didmeninė prekyba,TRUE
evrk_G467400,G467400,"Metalinių dirbinių, vandentiekio ir šildymo įrangos bei reikmenų didmeninė prekyba",TRUE
evrk_G467410,G467410,Geležies dirbinių didmeninė prekyba,TRUE
evrk_G467420,G467420,Vandentiekio įrangos didmeninė prekyba,TRUE
evrk_G467430,G467430,Šildymo įrangos didmeninė prekyba,TRUE
evrk_G467500,G467500,Chemijos produktų didmeninė prekyba,TRUE
evrk_G467510,G467510,Agrocheminių produktų ir trąšų didmeninė prekyba,TRUE
evrk_G467520,G467520,Ne vaistinės paskirties stipriai veikiančiųjų ir nuodingųjų medžiagų didmeninė prekyba,TRUE
evrk_G467600,G467600,Kitų tarpinių produktų didmeninė prekyba,TRUE
evrk_G467610,G467610,Popieriaus ritinių ir kartono didmeninė prekyba,TRUE
evrk_G467620,G467620,Linų pluošto didmeninė prekyba,TRUE
evrk_G467700,G467700,Atliekų ir laužo didmeninė prekyba,TRUE
evrk_G469000,G469000,Nespecializuota didmeninė prekyba,TRUE
evrk_G469000,G469000,Nespecializuota didmeninė prekyba,TRUE
evrk_G470000,G470000,"Mažmeninė prekyba, išskyrus variklinių transporto priemonių ir motociklų prekybą",TRUE
evrk_G471000,G471000,Mažmeninė prekyba nespecializuotose parduotuvėse,TRUE
evrk_G471100,G471100,"Mažmeninė prekyba nespecializuotose parduotuvėse, kuriose vyrauja maistas, gėrimai ir tabakas",TRUE
evrk_G471900,G471900,Kita mažmeninė prekyba nespecializuotose parduotuvėse,TRUE
evrk_G472000,G472000,"Maisto, gėrimų ir tabako mažmeninė prekyba specializuotose parduotuvėse",TRUE
evrk_G472100,G472100,"Vaisių, uogų ir daržovių mažmeninė prekyba specializuotose parduotuvėse",TRUE
evrk_G472200,G472200,Mėsos ir mėsos produktų mažmeninė prekyba specializuotose parduotuvėse,TRUE
evrk_G472300,G472300,"Žuvų, vėžiagyvių ir moliuskų mažmeninė prekyba specializuotose parduotuvėse",TRUE
evrk_G472400,G472400,"Duonos, bandelių, konditerijos gaminių ir cukraus saldumynų mažmeninė prekyba specializuotose parduotuvėse",TRUE
evrk_G472410,G472410,"Duonos, pyrago ir kitų miltinių produktų mažmeninė prekyba",TRUE
evrk_G472420,G472420,Konditerijos gaminių ir saldumynų mažmeninė prekyba,TRUE
evrk_G472500,G472500,Gėrimų mažmeninė prekyba specializuotose parduotuvėse,TRUE
evrk_G472510,G472510,Alkoholinių gėrimų mažmeninė prekyba,TRUE
evrk_G472520,G472520,Gaivinamųjų gėrimų mažmeninė prekyba,TRUE
evrk_G472600,G472600,Tabako gaminių mažmeninė prekyba specializuotose parduotuvėse,TRUE
evrk_G472900,G472900,Kita maisto produktų mažmeninė prekyba specializuotose parduotuvėse,TRUE
evrk_G473000,G473000,Automobilių degalų mažmeninė prekyba specializuotose parduotuvėse,TRUE
evrk_G473000,G473000,Automobilių degalų mažmeninė prekyba specializuotose parduotuvėse,TRUE
evrk_G474000,G474000,Informacijos ir ryšių technologijų (IRT) įrangos mažmeninė prekyba specializuotose parduotuvėse,TRUE
evrk_G474100,G474100,"Kompiuterių, jų išorinės ir programinės įrangos mažmeninė prekyba specializuotose parduotuvėse",TRUE
evrk_G474200,G474200,Telekomunikacijų įrangos mažmeninė prekyba specializuotose parduotuvėse,TRUE
evrk_G474300,G474300,Garso ir vaizdo įrangos mažmeninė prekyba specializuotose parduotuvėse,TRUE
evrk_G475000,G475000,Kitos namų ūkio įrangos mažmeninė prekyba specializuotose parduotuvėse,TRUE
evrk_G475100,G475100,Tekstilės gaminių mažmeninė prekyba specializuotose parduotuvėse,TRUE
evrk_G475200,G475200,"Metalo dirbinių, dažų ir stiklo mažmeninė prekyba specializuotose parduotuvėse",TRUE
evrk_G475210,G475210,"Dažų, lakų ir politūrų mažmeninė prekyba",TRUE
evrk_G475220,G475220,Plokščiojo stiklo mažmeninė prekyba,TRUE
evrk_G475230,G475230,Statybinių medžiagų mažmeninė prekyba,TRUE
evrk_G475240,G475240,Medžiagų ir smulkiojo remonto darbams įrangos mažmeninė prekyba,TRUE
evrk_G475300,G475300,"Kilimų, kilimėlių, sienų ir grindų dangų mažmeninė prekyba specializuotose parduotuvėse",TRUE
evrk_G475400,G475400,Elektrinių buitinių aparatų ir prietaisų mažmeninė prekyba specializuotose parduotuvėse,TRUE
evrk_G475900,G475900,"Baldų, apšvietimo įrangos ir kitų namų ūkio prekių mažmeninė prekyba specializuotose parduotuvėse",TRUE
evrk_G476000,G476000,Kultūros ir poilsio prekių mažmeninė prekyba specializuotose parduotuvėse,TRUE
evrk_G476100,G476100,Knygų mažmeninė prekyba specializuotose parduotuvėse,TRUE
evrk_G476200,G476200,Laikraščių ir raštinės reikmenų mažmeninė prekyba specializuotose parduotuvėse,TRUE
evrk_G476300,G476300,Muzikos ir vaizdo įrašų mažmeninė prekyba specializuotose parduotuvėse,TRUE
evrk_G476400,G476400,Sporto įrangos mažmeninė prekyba specializuotose parduotuvėse,TRUE
evrk_G476500,G476500,Žaidimų ir žaislų mažmeninė prekyba specializuotose parduotuvėse,TRUE
evrk_G477000,G477000,Kitų prekių mažmeninė prekyba specializuotose parduotuvėse,TRUE
evrk_G477100,G477100,Drabužių mažmeninė prekyba specializuotose parduotuvėse,TRUE
evrk_G477200,G477200,Avalynės ir odos gaminių mažmeninė prekyba specializuotose parduotuvėse,TRUE
evrk_G477300,G477300,"Vaistinių, ruošiančių ir parduodančių vaistus, veikla",TRUE
evrk_G477400,G477400,Medicinos ir ortopedinių prekių mažmeninė prekyba specializuotose parduotuvėse,TRUE
evrk_G477500,G477500,Kosmetikos ir tualeto reikmenų mažmeninė prekyba specializuotose parduotuvėse,TRUE
evrk_G4776  ,G4776  ,"Gėlių, sodinukų, sėklų, trąšų, naminių gyvūnėlių ir jų ėdalo mažmeninė prekyba specializuotose parduotuvėse",TRUE
evrk_G477700,G477700,"Laikrodžių, papuošalų ir juvelyrinių dirbinių mažmeninė prekyba specializuotose parduotuvėse",TRUE
evrk_G477800,G477800,Kita naujų prekių mažmeninė prekyba specializuotose parduotuvėse,TRUE
evrk_G477810,G477810,"Suvenyrų, meno dirbinių ir religinių reikmenų specializuota mažmeninė prekyba",TRUE
evrk_G477820,G477820,"Buitinio skystojo kuro, dujų balionų, anglies ir malkų specializuota mažmeninė prekyba",TRUE
evrk_G477830,G477830,Ginklų ir šaudmenų specializuota mažmeninė prekyba,TRUE
evrk_G477840,G477840,Optikos prekių mažmeninė prekyba,TRUE
evrk_G477890,G477890,Kita specializuota mažmeninė prekyba,TRUE
evrk_G477900,G477900,Naudotų daiktų mažmeninė prekyba parduotuvėse,TRUE
evrk_G477910,G477910,Antikvarinių daiktų mažmeninė prekyba,TRUE
evrk_G478000,G478000,Mažmeninė prekyba kioskuose ir prekyvietėse,TRUE
evrk_G478100,G478100,"Maisto, gėrimų ir tabako gaminių mažmeninė prekyba kioskuose ir prekyvietėse",TRUE
evrk_G478200,G478200,"Tekstilės, drabužių ir avalynės mažmeninė prekyba kioskuose ir prekyvietėse",TRUE
evrk_G478900,G478900,Kitų prekių mažmeninė prekyba kioskuose ir prekyvietėse,TRUE
evrk_G479000,G479000,"Mažmeninė prekyba ne parduotuvėse, kioskuose ar prekyvietėse",TRUE
evrk_G479100,G479100,Užsakomasis pardavimas paštu arba internetu,TRUE
evrk_G479900,G479900,"Kita mažmeninė prekyba ne parduotuvėse, kioskuose ar prekyvietėse",TRUE
evrk_G479910,G479910,Mažmeninė prekyba per keliaujančius firmos atstovus,TRUE
evrk_G479920,G479920,Mažmeninė prekyba iš automatų smulkioms prekėms pardavinėti,TRUE
evrk_H490000,H490000,Sausumos transportas ir transportavimas vamzdynais,TRUE
evrk_H491000,H491000,Tarpmiestinis keleivinis geležinkelio transportas,TRUE
evrk_H491000,H491000,Tarpmiestinis keleivinis geležinkelio transportas,TRUE
evrk_H492000,H492000,Krovininis geležinkelio transportas,TRUE
evrk_H492000,H492000,Krovininis geležinkelio transportas,TRUE
evrk_H493000,H493000,Kitas keleivinis sausumos transportas,TRUE
evrk_H493100,H493100,Keleivių vežimas miesto arba priemiestiniu sausumos transportu,TRUE
evrk_H493110,H493110,Keleivių vežimas autobusais mieste ar priemiestyje,TRUE
evrk_H493120,H493120,Keleivių vežimas troleibusais mieste ar priemiestyje,TRUE
evrk_H493200,H493200,Taksi veikla,TRUE
evrk_H493900,H493900,"Kitas, niekur kitur nepriskirtas, keleivinis sausumos transportas",TRUE
evrk_H494000,H494000,Krovininis kelių transportas ir perkraustymo veikla,TRUE
evrk_H494100,H494100,Krovininis kelių transportas,TRUE
evrk_H494200,H494200,Perkraustymo veikla,TRUE
evrk_H495000,H495000,Transportavimas vamzdynais,TRUE
evrk_H495000,H495000,Transportavimas vamzdynais,TRUE
evrk_H500000,H500000,Vandens transportas,TRUE
evrk_H501000,H501000,Jūrų ir pakrančių keleivinis vandens transportas,TRUE
evrk_H501000,H501000,Jūrų ir pakrančių keleivinis vandens transportas,TRUE
evrk_H502000,H502000,Jūrų ir pakrančių krovininis vandens transportas,TRUE
evrk_H502000,H502000,Jūrų ir pakrančių krovininis vandens transportas,TRUE
evrk_H503000,H503000,Vidaus vandenų keleivinis transportas,TRUE
evrk_H503000,H503000,Vidaus vandenų keleivinis transportas,TRUE
evrk_H504000,H504000,Vidaus vandenų krovininis transportas,TRUE
evrk_H504000,H504000,Vidaus vandenų krovininis transportas,TRUE
evrk_H510000,H510000,Oro transportas,TRUE
evrk_H511000,H511000,Keleivinis oro transportas,TRUE
evrk_H511000,H511000,Keleivinis oro transportas,TRUE
evrk_H512000,H512000,Krovininis oro transportas ir kosminis transportas,TRUE
evrk_H512100,H512100,Krovininis oro transportas,TRUE
evrk_H512200,H512200,Kosminis transportas,TRUE
evrk_H520000,H520000,Sandėliavimas ir transportui būdingų paslaugų veikla,TRUE
evrk_H521000,H521000,Sandėliavimas ir saugojimas,TRUE
evrk_H521000,H521000,Sandėliavimas ir saugojimas,TRUE
evrk_H522000,H522000,Transportui būdingų paslaugų veikla,TRUE
evrk_H522100,H522100,Sausumos transportui būdingų paslaugų veikla,TRUE
evrk_H522110,H522110,Traukinių eismo organizavimas ir reguliavimas,TRUE
evrk_H522120,H522120,Automobilių stovėjimo aikštelių eksploatavimas,TRUE
evrk_H522130,H522130,"Techninių priemonių, reguliuojančių gatvių judėjimą, eksploatavimas",TRUE
evrk_H522140,H522140,"Gatvių, kelių, tiltų, tunelių eksploatavimas",TRUE
evrk_H522150,H522150,Sauskelių transporto stočių eksploatavimas,TRUE
evrk_H522160,H522160,Riedmenų techninė priežiūra ir smulkus remontas,TRUE
evrk_H522170,H522170,Geležinkelių eksploatavimas,TRUE
evrk_H522200,H522200,Vandens transportui būdingų paslaugų veikla,TRUE
evrk_H522300,H522300,Oro transportui būdingų paslaugų veikla,TRUE
evrk_H522400,H522400,Krovinių tvarkymas,TRUE
evrk_H522900,H522900,Kita transportui būdingų paslaugų veikla,TRUE
evrk_H522910,H522910,Muitinės tarpininkų veikla,TRUE
evrk_H522920,H522920,Krovinių gabenimo agentų ir ekspeditorių veikla,TRUE
evrk_H522930,H522930,Vežimo dokumentų ir kelionės lapų parengimas ir išdavimas,TRUE
evrk_H530000,H530000,Pašto ir pasiuntinių (kurjerių) veikla,TRUE
evrk_H531000,H531000,Pašto pagal įpareigojimą teikti universaliąsias paslaugas atliekama veikla,TRUE
evrk_H531000,H531000,Pašto pagal įpareigojimą teikti universaliąsias paslaugas atliekama veikla,TRUE
evrk_H532000,H532000,Kita pašto ir pasiuntinių (kurjerių) veikla,TRUE
evrk_H532000,H532000,Kita pašto ir pasiuntinių (kurjerių) veikla,TRUE
evrk_I550000,I550000,Apgyvendinimo veikla,TRUE
evrk_I551000,I551000,Viešbučių ir panašių laikinų buveinių veikla,TRUE
evrk_I551000,I551000,Viešbučių ir panašių laikinų buveinių veikla,TRUE
evrk_I552000,I552000,Poilsiautojų ir kita trumpalaikio apgyvendinimo veikla,TRUE
evrk_I552000,I552000,Poilsiautojų ir kita trumpalaikio apgyvendinimo veikla,TRUE
evrk_I552010,I552010,Poilsio namų veikla,TRUE
evrk_I552020,I552020,Vaikų poilsio stovyklų veikla,TRUE
evrk_I553000,I553000,"Poilsinių transporto priemonių, priekabų aikštelių ir stovyklaviečių veikla",TRUE
evrk_I553000,I553000,"Poilsinių transporto priemonių, priekabų aikštelių ir stovyklaviečių veikla",TRUE
evrk_I559000,I559000,Kita apgyvendinimo veikla,TRUE
evrk_I559000,I559000,Kita apgyvendinimo veikla,TRUE
evrk_I560000,I560000,Maitinimo ir gėrimų teikimo veikla,TRUE
evrk_I561000,I561000,Restoranų ir pagaminto valgio teikimo veikla,TRUE
evrk_I561000,I561000,Restoranų ir pagaminto valgio teikimo veikla,TRUE
evrk_I562000,I562000,Pagaminto valgio tiekimas renginiams ir kitų maitinimo paslaugų veikla,TRUE
evrk_I562100,I562100,Pagaminto valgio tiekimas renginiams,TRUE
evrk_I562900,I562900,Kitų maitinimo paslaugų teikimas,TRUE
evrk_I563000,I563000,Gėrimų pardavimo vartoti vietoje veikla,TRUE
evrk_I563000,I563000,Gėrimų pardavimo vartoti vietoje veikla,TRUE
evrk_J580000,J580000,Leidybinė veikla,TRUE
evrk_J581000,J581000,"Knygų, periodinių leidinių leidyba ir kita leidybinė veikla",TRUE
evrk_J581100,J581100,Knygų leidyba,TRUE
evrk_J581200,J581200,"Žinynų, katalogų ir adresų sąrašų leidyba",TRUE
evrk_J581300,J581300,Laikraščių leidyba,TRUE
evrk_J581400,J581400,Žurnalų ir periodinių leidinių leidyba,TRUE
evrk_J581900,J581900,Kita leidyba,TRUE
evrk_J582000,J582000,Programinės įrangos leidyba,TRUE
evrk_J582100,J582100,Kompiuterinių žaidimų leidyba,TRUE
evrk_J582900,J582900,Kita programinės įrangos leidyba,TRUE
evrk_J590000,J590000,"Kino filmų, vaizdo filmų ir televizijos programų gamyba, garso įrašymo ir muzikos įrašų leidybos veikla",TRUE
evrk_J591000,J591000,"Kino filmų, vaizdo filmų ir televizijos programų rengėjų veikla",TRUE
evrk_J591100,J591100,"Kino filmų, vaizdo filmų ir televizijos programų gamyba",TRUE
evrk_J591200,J591200,"Pagamintų kino filmų, vaizdo filmų ir televizijos programų meninis apipavidalinimas",TRUE
evrk_J591300,J591300,"Kino filmų, vaizdo filmų ir televizijos programų platinimas",TRUE
evrk_J591400,J591400,Kino filmų rodymas,TRUE
evrk_J592000,J592000,Garso įrašymas ir muzikos įrašų leidyba,TRUE
evrk_J592000,J592000,Garso įrašymas ir muzikos įrašų leidyba,TRUE
evrk_J600000,J600000,Programų rengimas ir transliavimas,TRUE
evrk_J601000,J601000,Radijo programų transliavimas,TRUE
evrk_J601000,J601000,Radijo programų transliavimas,TRUE
evrk_J602000,J602000,Televizijos programų rengimas ir transliavimas,TRUE
evrk_J602000,J602000,Televizijos programų rengimas ir transliavimas,TRUE
evrk_J610000,J610000,Telekomunikacijos,TRUE
evrk_J611000,J611000,Laidinio ryšio paslaugų veikla,TRUE
evrk_J611000,J611000,Laidinio ryšio paslaugų veikla,TRUE
evrk_J612000,J612000,Belaidžio ryšio paslaugų veikla,TRUE
evrk_J612000,J612000,Belaidžio ryšio paslaugų veikla,TRUE
evrk_J613000,J613000,Palydovinio ryšio paslaugų veikla,TRUE
evrk_J613000,J613000,Palydovinio ryšio paslaugų veikla,TRUE
evrk_J619000,J619000,Kitų ryšių paslaugų veikla,TRUE
evrk_J619000,J619000,Kitų ryšių paslaugų veikla,TRUE
evrk_J620000,J620000,"Kompiuterių programavimo, konsultacinė ir susijusi veikla",TRUE
evrk_J620000,J620000,"Kompiuterių programavimo, konsultacinė ir susijusi veikla",TRUE
evrk_J620100,J620100,Kompiuterių programavimo veikla,TRUE
evrk_J620200,J620200,Kompiuterių konsultacinė veikla,TRUE
evrk_J620300,J620300,Kompiuterinės įrangos tvarkyba,TRUE
evrk_J620900,J620900,Kita informacinių technologijų ir kompiuterių paslaugų veikla,TRUE
evrk_J630000,J630000,Informacinių paslaugų veikla,TRUE
evrk_J631000,J631000,"Duomenų apdorojimo, interneto serverių paslaugų (prieglobos) ir susijusi veikla; interneto vartų paslaugų veikla",TRUE
evrk_J631100,J631100,"Duomenų apdorojimo, interneto serverių paslaugų (prieglobos) ir susijusi veikla",TRUE
evrk_J631200,J631200,Interneto vartų paslaugų veikla,TRUE
evrk_J639000,J639000,Kita informacinių paslaugų veikla,TRUE
evrk_J639100,J639100,Naujienų agentūrų veikla,TRUE
evrk_J639900,J639900,"Kita, niekur kitur nepriskirta, informacinių paslaugų veikla",TRUE
evrk_K640000,K640000,"Finansinių paslaugų veikla, išskyrus draudimą ir pensijų lėšų kaupimą",TRUE
evrk_K641000,K641000,Piniginis tarpininkavimas,TRUE
evrk_K641100,K641100,Centrinė bankininkystė,TRUE
evrk_K641900,K641900,Kitas piniginis tarpininkavimas,TRUE
evrk_K642000,K642000,Kontroliuojančiųjų bendrovių veikla,TRUE
evrk_K642000,K642000,Kontroliuojančiųjų bendrovių veikla,TRUE
evrk_K643000,K643000,"Trestų, fondų ir panašių finansinių institucijų veikla",TRUE
evrk_K643000,K643000,"Trestų, fondų ir panašių finansinių institucijų veikla",TRUE
evrk_K649000,K649000,"Kita finansinių paslaugų veikla, išskyrus draudimą ir pensijų lėšų kaupimą",TRUE
evrk_K649100,K649100,Finansinė išperkamoji nuoma,TRUE
evrk_K649200,K649200,Kitas kredito teikimas,TRUE
evrk_K649900,K649900,"Kita, niekur kitur nepriskirta, finansinių paslaugų veikla, išskyrus draudimą ir pensijų lėšų kaupimą",TRUE
evrk_K650000,K650000,"Draudimo, perdraudimo ir pensijų lėšų kaupimo, išskyrus privalomąjį socialinį draudimą, veikla",TRUE
evrk_K651000,K651000,Draudimas,TRUE
evrk_K651100,K651100,Gyvybės draudimas,TRUE
evrk_K651200,K651200,Ne gyvybės draudimas,TRUE
evrk_K651210,K651210,Kelionių draudimas,TRUE
evrk_K652000,K652000,Perdraudimas,TRUE
evrk_K652000,K652000,Perdraudimas,TRUE
evrk_K653000,K653000,Pensijų lėšų kaupimas,TRUE
evrk_K653000,K653000,Pensijų lėšų kaupimas,TRUE
evrk_K660000,K660000,Pagalbinė finansinių paslaugų ir draudimo veikla,TRUE
evrk_K661000,K661000,"Pagalbinė finansinių paslaugų, išskyrus draudimą ir pensijų lėšų kaupimą, veikla",TRUE
evrk_K661100,K661100,Finansų rinkos valdymas,TRUE
evrk_K661200,K661200,Vertybinių popierių ir prekių sutarčių sudarymo tarpininkavimas,TRUE
evrk_K661900,K661900,"Kita pagalbinė finansinių paslaugų, išskyrus draudimą ir pensijų lėšų kaupimą, veikla",TRUE
evrk_K662000,K662000,Pagalbinė draudimo ir pensijų lėšų kaupimo veikla,TRUE
evrk_K662100,K662100,Rizikos ir žalos vertinimas,TRUE
evrk_K662200,K662200,Draudimo agentų ir brokerių veikla,TRUE
evrk_K662900,K662900,Kita pagalbinė draudimo ir pensijų lėšų kaupimo veikla,TRUE
evrk_K663000,K663000,Fondų valdymo veikla,TRUE
evrk_K663000,K663000,Fondų valdymo veikla,TRUE
evrk_L680000,L680000,Nekilnojamojo turto operacijos,TRUE
evrk_L681000,L681000,Nuosavo nekilnojamojo turto pirkimas ir pardavimas,TRUE
evrk_L681000,L681000,Nuosavo nekilnojamojo turto pirkimas ir pardavimas,TRUE
evrk_L682000,L682000,Nuosavo arba nuomojamo nekilnojamojo turto nuoma ir eksploatavimas,TRUE
evrk_L682000,L682000,Nuosavo arba nuomojamo nekilnojamojo turto nuoma ir eksploatavimas,TRUE
evrk_L683000,L683000,Nekilnojamojo turto operacijos už atlygį arba pagal sutartį,TRUE
evrk_L683100,L683100,Nekilnojamojo turto agentūrų veikla,TRUE
evrk_L683110,L683110,Nekilnojamojo turto vertinimas,TRUE
evrk_L683200,L683200,Nekilnojamojo turto tvarkyba už atlygį arba pagal sutartį,TRUE
evrk_M690000,M690000,Teisinė ir apskaitos veikla,TRUE
evrk_M691000,M691000,Teisinė veikla,TRUE
evrk_M691000,M691000,Teisinė veikla,TRUE
evrk_M691010,M691010,Konsultacijos ir juridinis atstovavimas civilinėse ir baudžiamosiose bylose,TRUE
evrk_M691020,M691020,Konsultacijos ir atstovavimas darbo ginčuose,TRUE
evrk_M691030,M691030,"Bendrieji patarimai ir konsultacijos, teisinių dokumentų rengimas",TRUE
evrk_M692000,M692000,"Apskaitos, buhalterijos ir audito veikla; konsultacijos mokesčių klausimais",TRUE
evrk_M692000,M692000,"Apskaitos, buhalterijos ir audito veikla; konsultacijos mokesčių klausimais",TRUE
evrk_M692010,M692010,Buhalterinė apskaita  ir audito atlikimas,TRUE
evrk_M692020,M692020,Finansinių ataskaitų rengimas,TRUE
evrk_M692030,M692030,Firmų ir kitų bendrovių komercinių operacijų apskaitos tvarkymas,TRUE
evrk_M692040,M692040,Mokesčių konsultacijos,TRUE
evrk_M700000,M700000,Pagrindinių buveinių veikla; konsultacinė valdymo veikla,TRUE
evrk_M701000,M701000,Pagrindinių buveinių veikla,TRUE
evrk_M701000,M701000,Pagrindinių buveinių veikla,TRUE
evrk_M702000,M702000,Konsultacinė valdymo veikla,TRUE
evrk_M702100,M702100,Viešųjų ryšių ir komunikacijos veikla,TRUE
evrk_M702200,M702200,Konsultacinė verslo ir kito valdymo veikla,TRUE
evrk_M710000,M710000,Architektūros ir inžinerijos veikla; techninis tikrinimas ir analizė,TRUE
evrk_M711000,M711000,Architektūros ir inžinerijos veikla bei su ja susijusios techninės konsultacijos,TRUE
evrk_M711100,M711100,Architektūros veikla,TRUE
evrk_M711200,M711200,Inžinerijos veikla ir su ja susijusios techninės konsultacijos,TRUE
evrk_M711210,M711210,Inžinerinė - technologinė veikla,TRUE
evrk_M711220,M711220,Projektiniai - konstruktoriniai darbai,TRUE
evrk_M711230,M711230,Gatvių eismo projektavimas,TRUE
evrk_M711240,M711240,Geodezinė veikla,TRUE
evrk_M711250,M711250,Geologinės paieškos ir žvalgyba,TRUE
evrk_M711260,M711260,Miškotvarka ir žemėtvarka,TRUE
evrk_M712000,M712000,Techninis tikrinimas ir analizė,TRUE
evrk_M712000,M712000,Techninis tikrinimas ir analizė,TRUE
evrk_M712010,M712010,"Aplinkos kontrolė, ekologinis monitoringas",TRUE
evrk_M712020,M712020,Medžiagų bandymai ir analizė,TRUE
evrk_M712030,M712030,Produkcijos kokybės bandymai ir analizė,TRUE
evrk_M712040,M712040,"Maisto produktų tyrimas pagal higienos reikalavimus, įskaitant veterinarinį, susijusį su maisto produktų gamyba, tyrimą ir tikrinimą",TRUE
evrk_M712050,M712050,Variklinių transporto priemonių saugaus eismo periodinis patikrinimas,TRUE
evrk_M712060,M712060,Matavimo priemonių patikra bei kalibravimas,TRUE
evrk_M712070,M712070,"Gaminių sertifikavimas, jų normatyvinių dokumentų reikalavimų kontrolė",TRUE
evrk_M720000,M720000,Moksliniai tyrimai ir taikomoji veikla,TRUE
evrk_M721000,M721000,Gamtos mokslų ir inžinerijos moksliniai tyrimai ir taikomoji veikla,TRUE
evrk_M721100,M721100,Biotechnologijos moksliniai tyrimai ir taikomoji veikla,TRUE
evrk_M721900,M721900,Kiti gamtos mokslų ir inžinerijos moksliniai tyrimai ir taikomoji veikla,TRUE
evrk_M721910,M721910,Agrarinių mokslų tiriamieji ir taikomieji darbai,TRUE
evrk_M721920,M721920,Gamtos mokslų tiriamieji ir taikomieji darbai,TRUE
evrk_M721930,M721930,Matematikos mokslų tiriamieji ir taikomieji darbai,TRUE
evrk_M721940,M721940,Medicinos mokslų tiriamieji ir taikomieji darbai,TRUE
evrk_M721950,M721950,Technikos mokslų tiriamieji ir taikomieji darbai,TRUE
evrk_M722000,M722000,Socialinių ir humanitarinių mokslų moksliniai tyrimai ir taikomoji veikla,TRUE
evrk_M722000,M722000,Socialinių ir humanitarinių mokslų moksliniai tyrimai ir taikomoji veikla,TRUE
evrk_M722010,M722010,Humanitarinių mokslų tiriamieji ir taikomieji darbai,TRUE
evrk_M722020,M722020,Socialinių mokslų tiriamieji ir taikomieji darbai,TRUE
evrk_M722030,M722030,Teologijos mokslų tiriamieji ir taikomieji darbai,TRUE
evrk_M730000,M730000,Reklama ir rinkos tyrimas,TRUE
evrk_M731000,M731000,Reklama,TRUE
evrk_M731100,M731100,Reklamos agentūrų veikla,TRUE
evrk_M731200,M731200,Atstovavimas žiniasklaidai,TRUE
evrk_M732000,M732000,Rinkos tyrimas ir viešosios nuomonės apklausa,TRUE
evrk_M732000,M732000,Rinkos tyrimas ir viešosios nuomonės apklausa,TRUE
evrk_M740000,M740000,"Kita profesinė, mokslinė ir techninė veikla",TRUE
evrk_M741000,M741000,Specializuota projektavimo veikla,TRUE
evrk_M741000,M741000,Specializuota projektavimo veikla,TRUE
evrk_M742000,M742000,Fotografavimo veikla,TRUE
evrk_M742000,M742000,Fotografavimo veikla,TRUE
evrk_M743000,M743000,Vertimo raštu ir žodžiu veikla,TRUE
evrk_M743000,M743000,Vertimo raštu ir žodžiu veikla,TRUE
evrk_M749000,M749000,"Kita, niekur kitur nepriskirta, profesinė, mokslinė ir techninė veikla",TRUE
evrk_M749000,M749000,"Kita, niekur kitur nepriskirta, profesinė, mokslinė ir techninė veikla",TRUE
evrk_M750000,M750000,Veterinarinė veikla,TRUE
evrk_M750000,M750000,Veterinarinė veikla,TRUE
evrk_M750000,M750000,Veterinarinė veikla,TRUE
evrk_M750010,M750010,Gyvulių ir gyvūnų stacionarinis gydymas,TRUE
evrk_M750020,M750020,Gyvulių ir gyvūnų ambulatorinis gydymas,TRUE
evrk_M750030,M750030,Veterinarinė diagnostinė veikla,TRUE
evrk_M750040,M750040,Veterinarijos laboratorijų veikla,TRUE
evrk_N770000,N770000,Nuoma ir išperkamoji nuoma,TRUE
evrk_N771000,N771000,Variklinių transporto priemonių nuoma ir išperkamoji nuoma,TRUE
evrk_N771100,N771100,Automobilių ir lengvųjų variklinių transporto priemonių nuoma ir išperkamoji nuoma,TRUE
evrk_N771200,N771200,Sunkiasvorių variklinių transporto priemonių nuoma ir išperkamoji nuoma,TRUE
evrk_N771210,N771210,Krovininių automobilių nuoma,TRUE
evrk_N771220,N771220,Turistinių autobusų nuoma,TRUE
evrk_N772000,N772000,Asmeninių ir namų ūkio prekių nuoma ir išperkamoji nuoma,TRUE
evrk_N772100,N772100,Poilsio ir sporto reikmenų nuoma ir išperkamoji nuoma,TRUE
evrk_N772110,N772110,Pramoginių valčių nuoma,TRUE
evrk_N772120,N772120,Jojamųjų žirgų nuoma,TRUE
evrk_N772130,N772130,Dviračių nuoma,TRUE
evrk_N772140,N772140,Sporto įrangos nuoma,TRUE
evrk_N772150,N772150,Kitų turizmo priemonių nuoma,TRUE
evrk_N772200,N772200,Vaizdajuosčių ir kompaktinių diskų nuoma,TRUE
evrk_N772900,N772900,Kitų asmeninių ir namų ūkio prekių nuoma ir išperkamoji nuoma,TRUE
evrk_N772910,N772910,"Tekstilės dirbinių, drabužių ir avalynės nuoma",TRUE
evrk_N772920,N772920,Baldų ir kitų asmeniniam naudojimui skirtų daiktų nuoma,TRUE
evrk_N772930,N772930,"Muzikos instrumentų, teatro dekoracijų ir kostiumų nuoma",TRUE
evrk_N773000,N773000,"Kitų mašinų, įrangos ir materialiųjų vertybių nuoma ir išperkamoji nuoma",TRUE
evrk_N773100,N773100,Žemės ūkio mašinų ir įrenginių nuoma ir išperkamoji nuoma,TRUE
evrk_N773200,N773200,Statybos ir inžinerinių statybos darbų mašinų ir įrenginių nuoma ir išperkamoji nuoma,TRUE
evrk_N773300,N773300,"Įstaigos mašinų ir įrangos, įskaitant kompiuterius, nuoma ir išperkamoji nuoma",TRUE
evrk_N773310,N773310,Kompiuterių nuoma,TRUE
evrk_N773320,N773320,"Kopijavimo, spausdinimo ir teksto apdorojimo mašinų nuoma",TRUE
evrk_N773330,N773330,Kasos aparatų nuoma,TRUE
evrk_N773400,N773400,Vandens transporto priemonių ir įrangos nuoma ir išperkamoji nuoma,TRUE
evrk_N773500,N773500,Oro transporto priemonių ir įrangos nuoma ir išperkamoji nuoma,TRUE
evrk_N773900,N773900,"Kitų, niekur kitur nepriskirtų, mašinų, įrangos ir materialiųjų vertybių nuoma ir išperkamoji nuoma",TRUE
evrk_N773910,N773910,Geležinkelio transporto priemonių nuoma,TRUE
evrk_N773920,N773920,Motociklų nuoma,TRUE
evrk_N773930,N773930,Automobilinių namelių nuoma,TRUE
evrk_N773940,N773940,"Konteinerių, kilnojamųjų platformų ir padėklų nuoma",TRUE
evrk_N773950,N773950,Pramoninių elektrinių ir neelektrinių mašinų nuoma,TRUE
evrk_N773960,N773960,Radijo ir televizijos įrenginių nuoma,TRUE
evrk_N773970,N773970,Ryšių įrenginių nuoma,TRUE
evrk_N773980,N773980,Matavimo ir kontrolės įrenginių nuoma,TRUE
evrk_N774000,N774000,"Intelektinės nuosavybės ir panašių produktų, išskyrus autorių teisių saugomus objektus, išperkamoji nuoma",TRUE
evrk_N774000,N774000,"Intelektinės nuosavybės ir panašių produktų, išskyrus autorių teisių saugomus objektus, išperkamoji nuoma",TRUE
evrk_N780000,N780000,Įdarbinimo veikla,TRUE
evrk_N781000,N781000,Įdarbinimo agentūrų veikla,TRUE
evrk_N781000,N781000,Įdarbinimo agentūrų veikla,TRUE
evrk_N782000,N782000,Laikinojo įdarbinimo agentūrų veikla,TRUE
evrk_N782000,N782000,Laikinojo įdarbinimo agentūrų veikla,TRUE
evrk_N783000,N783000,Kitas darbo jėgos teikimas,TRUE
evrk_N783000,N783000,Kitas darbo jėgos teikimas,TRUE
evrk_N790000,N790000,"Kelionių agentūrų, ekskursijų organizatorių, išankstinio užsakymo paslaugų ir susijusi veikla",TRUE
evrk_N791000,N791000,Kelionių agentūrų ir ekskursijų organizatorių veikla,TRUE
evrk_N791100,N791100,Kelionių agentūrų veikla,TRUE
evrk_N791200,N791200,Ekskursijų organizatorių veikla,TRUE
evrk_N799000,N799000,Kitų išankstinio užsakymo ir susijusių paslaugų veikla,TRUE
evrk_N799000,N799000,Kitų išankstinio užsakymo ir susijusių paslaugų veikla,TRUE
evrk_N800000,N800000,Apsaugos ir tyrimo veikla,TRUE
evrk_N801000,N801000,Privati apsauga,TRUE
evrk_N801000,N801000,Privati apsauga,TRUE
evrk_N802000,N802000,Apsaugos sistemų paslaugų veikla,TRUE
evrk_N802000,N802000,Apsaugos sistemų paslaugų veikla,TRUE
evrk_N803000,N803000,Tyrimo veikla,TRUE
evrk_N803000,N803000,Tyrimo veikla,TRUE
evrk_N810000,N810000,Pastatų aptarnavimas ir kraštovaizdžio tvarkymas,TRUE
evrk_N811000,N811000,Kombinuota patalpų funkcionavimo užtikrinimo veikla,TRUE
evrk_N811000,N811000,Kombinuota patalpų funkcionavimo užtikrinimo veikla,TRUE
evrk_N812000,N812000,Valymo veikla,TRUE
evrk_N812100,N812100,Paprastasis pastatų valymas,TRUE
evrk_N812200,N812200,Kita pastatų ir pramoninio valymo veikla,TRUE
evrk_N812900,N812900,Kita valymo veikla,TRUE
evrk_N813000,N813000,Kraštovaizdžio tvarkymas,TRUE
evrk_N813000,N813000,Kraštovaizdžio tvarkymas,TRUE
evrk_N820000,N820000,"Administracinė veikla, įstaigų ir kitų verslo įmonių aptarnavimo veikla",TRUE
evrk_N821000,N821000,Įstaigų administracinė ir aptarnavimo veikla,TRUE
evrk_N821100,N821100,Kombinuotųjų įstaigos administracinių paslaugų veikla,TRUE
evrk_N821900,N821900,"Fotokopijavimo, dokumentų rengimo ir kita specializuota įstaigai būdingų paslaugų veikla",TRUE
evrk_N822000,N822000,Užsakomųjų informacinių paslaugų centrų veikla,TRUE
evrk_N822000,N822000,Užsakomųjų informacinių paslaugų centrų veikla,TRUE
evrk_N823000,N823000,Posėdžių ir verslo renginių organizavimas,TRUE
evrk_N823000,N823000,Posėdžių ir verslo renginių organizavimas,TRUE
evrk_N829000,N829000,Niekur kitur nepriskirta verslui būdingų paslaugų veikla,TRUE
evrk_N829100,N829100,Išieškojimo agentūrų ir kredito biurų veikla,TRUE
evrk_N829200,N829200,Fasavimo ir pakavimo veikla,TRUE
evrk_N829900,N829900,"Kita, niekur kitur nepriskirta, verslui būdingų paslaugų veikla",TRUE
evrk_O840000,O840000,Viešasis valdymas ir gynyba; privalomasis socialinis draudimas,TRUE
evrk_O841000,O841000,Valstybės valdymas ir bendroji ekonominė bei socialinė bendruomenės politika,TRUE
evrk_O841100,O841100,Bendroji viešojo valdymo veikla,TRUE
evrk_O841110,O841110,Lietuvos Respublikos apskričių veikla,TRUE
evrk_O841120,O841120,Lietuvos Respublikos savivaldybių veikla,TRUE
evrk_O841130,O841130,Lietuvos Respublikos seniūnijų veikla,TRUE
evrk_O841140,O841140,Iždo valdymas ir priežiūra,TRUE
evrk_O841150,O841150,Biudžeto vykdymas ir valstybinių fondų tvarkymas,TRUE
evrk_O841160,O841160,Centrinių administracinių institucijų įstatymų leidžiamoji ir vykdomoji veikla,TRUE
evrk_O841170,O841170,Vadovavimas muitinės tarnyboms ir jų veikla,TRUE
evrk_O841180,O841180,Vadovavimas statistikos ir sociologijos tarnyboms įvairiuose valstybės valdymo lygiuose bei jų veikla,TRUE
evrk_O841200,O841200,"Sveikatos priežiūros, švietimo, kultūros ir kitų socialinių paslaugų, išskyrus socialinį draudimą, veiklos reguliavimas",TRUE
evrk_O841300,O841300,Verslo veiklos reguliavimas ir parama efektyviau ją organizuoti,TRUE
evrk_O842000,O842000,Bendruomenei teikiamų paslaugų užtikrinimas,TRUE
evrk_O842100,O842100,Užsienio reikalai,TRUE
evrk_O842200,O842200,Gynybos veikla,TRUE
evrk_O842300,O842300,Teisingumo ir teisminė veikla,TRUE
evrk_O842400,O842400,Viešosios tvarkos ir apsaugos veikla,TRUE
evrk_O842500,O842500,Priešgaisrinių tarnybų veikla,TRUE
evrk_O843000,O843000,Privalomojo (valstybinio) socialinio draudimo veikla,TRUE
evrk_O843000,O843000,Privalomojo (valstybinio) socialinio draudimo veikla,TRUE
evrk_P850000,P850000,Švietimas,TRUE
evrk_P851000,P851000,Ikimokyklinis ugdymas,TRUE
evrk_P851000,P851000,Ikimokyklinis ugdymas,TRUE
evrk_P851010,P851010,Ikimokyklinio amžiaus vaikų ugdymas,TRUE
evrk_P851020,P851020,Priešmokyklinio amžiaus vaikų ugdymas,TRUE
evrk_P852000,P852000,Pradinis ugdymas,TRUE
evrk_P852000,P852000,Pradinis ugdymas,TRUE
evrk_P853000,P853000,Vidurinis ugdymas,TRUE
evrk_P853100,P853100,Bendrasis vidurinis ugdymas,TRUE
evrk_P853110,P853110,Pagrindinis ugdymas,TRUE
evrk_P853120,P853120,Vidurinis ugdymas,TRUE
evrk_P853200,P853200,Techninis ir profesinis vidurinis mokymas,TRUE
evrk_P854000,P854000,Aukštasis mokslas,TRUE
evrk_P854100,P854100,Aukštojo mokslo laipsnio nesuteikiantis mokymas baigus vidurinę mokyklą,TRUE
evrk_P854200,P854200,Aukštasis (tretinis) mokslas,TRUE
evrk_P854210,P854210,Aukštasis neuniversitetinis mokslas,TRUE
evrk_P854220,P854220,Aukštasis universitetinis mokslas,TRUE
evrk_P854230,P854230,Doktorantūra,TRUE
evrk_P855000,P855000,Kitas mokymas,TRUE
evrk_P855100,P855100,Sportinis ir rekreacinis švietimas,TRUE
evrk_P855200,P855200,Kultūrinis švietimas,TRUE
evrk_P855300,P855300,Vairavimo mokyklų veikla,TRUE
evrk_P855900,P855900,"Kitas, niekur kitur nepriskirtas, švietimas",TRUE
evrk_P856000,P856000,Švietimui būdingų paslaugų veikla,TRUE
evrk_P856000,P856000,Švietimui būdingų paslaugų veikla,TRUE
evrk_Q860000,Q860000,Žmonių sveikatos priežiūros veikla,TRUE
evrk_Q861000,Q861000,Ligoninių veikla,TRUE
evrk_Q861000,Q861000,Ligoninių veikla,TRUE
evrk_Q861010,Q861010,Bendrosios paskirties ligoninių veikla,TRUE
evrk_Q861020,Q861020,Specializuotųjų ligoninių veikla,TRUE
evrk_Q861030,Q861030,Reabilitacijos ligoninių veikla,TRUE
evrk_Q861040,Q861040,Slaugos ligoninių veikla,TRUE
evrk_Q862000,Q862000,Medicininės ir odontologinės praktikos veikla,TRUE
evrk_Q862100,Q862100,Bendrosios praktikos gydytojų veikla,TRUE
evrk_Q862200,Q862200,Gydytojų specialistų veikla,TRUE
evrk_Q862300,Q862300,Odontologinės praktikos veikla,TRUE
evrk_Q869000,Q869000,Kita žmonių sveikatos priežiūros veikla,TRUE
evrk_Q869000,Q869000,Kita žmonių sveikatos priežiūros veikla,TRUE
evrk_Q869010,Q869010,Viduriniojo medicinos personalo paslaugų teikimas ligoniams ne ligoninėse,TRUE
evrk_Q869020,Q869020,Kraujo perpylimo įstaigų ir kraujo bankų veikla,TRUE
evrk_Q869030,Q869030,Medicinos laboratorijų veikla,TRUE
evrk_Q869040,Q869040,Greitosios pagalbos veikla,TRUE
evrk_Q870000,Q870000,Kita stacionarinė globos veikla,TRUE
evrk_Q871000,Q871000,Stacionarinė slaugos įstaigų veikla,TRUE
evrk_Q871000,Q871000,Stacionarinė slaugos įstaigų veikla,TRUE
evrk_Q872000,Q872000,"Stacionarinė protiškai atsilikusių, psichikos ligonių, sergančiųjų priklausomybės ligomis globos veikla",TRUE
evrk_Q872000,Q872000,"Stacionarinė protiškai atsilikusių, psichikos ligonių, sergančiųjų priklausomybės ligomis globos veikla",TRUE
evrk_Q873000,Q873000,Stacionarinė pagyvenusių ir neįgaliųjų asmenų globos veikla,TRUE
evrk_Q873000,Q873000,Stacionarinė pagyvenusių ir neįgaliųjų asmenų globos veikla,TRUE
evrk_Q879000,Q879000,Kita stacionarinė globos veikla,TRUE
evrk_Q879000,Q879000,Kita stacionarinė globos veikla,TRUE
evrk_Q880000,Q880000,Nesusijusio su apgyvendinimu socialinio darbo veikla,TRUE
evrk_Q881000,Q881000,Nesusijusio su apgyvendinimu socialinio darbo su pagyvenusiais ir neįgaliaisiais asmenimis veikla,TRUE
evrk_Q881000,Q881000,Nesusijusio su apgyvendinimu socialinio darbo su pagyvenusiais ir neįgaliaisiais asmenimis veikla,TRUE
evrk_Q889000,Q889000,"Kita, nesusijusi su apgyvendinimu, socialinio darbo veikla",TRUE
evrk_Q889100,Q889100,Vaikų dienos priežiūros veikla,TRUE
evrk_Q889900,Q889900,"Kita, niekur kitur nepriskirta, nesusijusi su apgyvendinimu socialinio darbo veikla",TRUE
evrk_R900000,R900000,"Kūrybinė, meninė ir pramogų organizavimo veikla",TRUE
evrk_R900000,R900000,"Kūrybinė, meninė ir pramogų organizavimo veikla",TRUE
evrk_R900100,R900100,Scenos pastatymų veikla,TRUE
evrk_R900200,R900200,Scenos pastatymams būdingų paslaugų veikla,TRUE
evrk_R900300,R900300,Meninė kūryba,TRUE
evrk_R900400,R900400,Meno įrenginių eksploatavimo veikla,TRUE
evrk_R910000,R910000,"Bibliotekų, archyvų, muziejų ir kita kultūrinė veikla",TRUE
evrk_R910000,R910000,"Bibliotekų, archyvų, muziejų ir kita kultūrinė veikla",TRUE
evrk_R910100,R910100,Bibliotekų ir archyvų veikla,TRUE
evrk_R910200,R910200,Muziejų veikla,TRUE
evrk_R910300,R910300,Istorinių vietų ir pastatų bei panašių turistų lankomų vietų eksploatavimas,TRUE
evrk_R910400,R910400,Botanikos ir zoologijos sodų bei gamtos rezervatų veikla,TRUE
evrk_R910410,R910410,Zoologijos sodų veikla,TRUE
evrk_R910420,R910420,Botanikos sodų veikla,TRUE
evrk_R910430,R910430,Gamtos rezervatų ir draustinių veikla,TRUE
evrk_R920000,R920000,Azartinių žaidimų ir lažybų organizavimo veikla,TRUE
evrk_R920000,R920000,Azartinių žaidimų ir lažybų organizavimo veikla,TRUE
evrk_R920000,R920000,Azartinių žaidimų ir lažybų organizavimo veikla,TRUE
evrk_R920010,R920010,Loterijų organizavimo veikla,TRUE
evrk_R920020,R920020,Azartinių lošimų ir lažybų organizavimo veikla,TRUE
evrk_R920030,R920030,Kitų azartinių žaidimų organizavimo veikla,TRUE
evrk_R930000,R930000,"Sportinė veikla, pramogų ir poilsio organizavimo veikla",TRUE
evrk_R931000,R931000,Sportinė veikla,TRUE
evrk_R931100,R931100,Sporto įrenginių eksploatavimas,TRUE
evrk_R931200,R931200,Sporto klubų veikla,TRUE
evrk_R931300,R931300,Kūno rengybos centrų veikla,TRUE
evrk_R931900,R931900,Kita sportinė veikla,TRUE
evrk_R931910,R931910,Sportinė ar mėgėjų medžioklė bei su ja susijusi veikla,TRUE
evrk_R931920,R931920,Sportinė ar mėgėjų žvejyba bei su ja susijusi veikla,TRUE
evrk_R932000,R932000,Pramogų ir poilsio organizavimo veikla,TRUE
evrk_R932100,R932100,Atrakcionų ir teminių parkų veikla,TRUE
evrk_R932900,R932900,Kita pramogų ir poilsio organizavimo veikla,TRUE
evrk_S940000,S940000,Narystės organizacijų veikla,TRUE
evrk_S941000,S941000,"Verslininkų, darbdavių ir profesinių narystės organizacijų veikla",TRUE
evrk_S941100,S941100,Verslininkų ir darbdavių narystės organizacijų veikla,TRUE
evrk_S941200,S941200,Profesinių narystės organizacijų veikla,TRUE
evrk_S942000,S942000,Profesinių sąjungų veikla,TRUE
evrk_S942000,S942000,Profesinių sąjungų veikla,TRUE
evrk_S949000,S949000,Kitų narystės organizacijų veikla,TRUE
evrk_S949100,S949100,Religinių organizacijų veikla,TRUE
evrk_S949110,S949110,Religinių bendrijų veikla,TRUE
evrk_S949120,S949120,Vienuolynų veikla,TRUE
evrk_S949200,S949200,Politinių organizacijų veikla,TRUE
evrk_S949900,S949900,"Kitų, niekur kitur nepriskirtų, narystės organizacijų veikla",TRUE
evrk_S950000,S950000,Kompiuterių ir asmeninių bei namų ūkio reikmenų taisymas,TRUE
evrk_S951000,S951000,Kompiuterių ir ryšių įrangos remontas,TRUE
evrk_S951100,S951100,Kompiuterių ir išorinės įrangos remontas,TRUE
evrk_S951200,S951200,Ryšių įrangos remontas,TRUE
evrk_S951210,S951210,Ryšio sistemų techninė priežiūra,TRUE
evrk_S952000,S952000,Asmeninių ir namų ūkio reikmenų taisymas,TRUE
evrk_S952100,S952100,Vartotojiškos elektroninės įrangos remontas,TRUE
evrk_S952200,S952200,"Buitinių aparatų ir prietaisų, namų bei sodo įrangos remontas",TRUE
evrk_S952300,S952300,Avalynės ir odos gaminių taisymas,TRUE
evrk_S952400,S952400,Baldų ir interjero reikmenų taisymas,TRUE
evrk_S952500,S952500,Įvairių tipų laikrodžių ir juvelyrinių dirbinių taisymas,TRUE
evrk_S952900,S952900,Kitų asmeninių ir namų ūkio reikmenų taisymas,TRUE
evrk_S960000,S960000,Kita asmenų aptarnavimo veikla,TRUE
evrk_S960000,S960000,Kita asmenų aptarnavimo veikla,TRUE
evrk_S960100,S960100,Tekstilės ir kailių gaminių skalbimas ir (sausasis) valymas,TRUE
evrk_S960200,S960200,Kirpyklų ir kitų grožio salonų veikla,TRUE
evrk_S960300,S960300,Laidotuvių ir su jomis susijusi veikla,TRUE
evrk_S960400,S960400,Fizinės gerovės užtikrinimo veikla,TRUE
evrk_S960900,S960900,"Kita, niekur kitur nepriskirta, asmenų aptarnavimo veikla",TRUE
evrk_T970000,T970000,"Namų ūkių, samdančių namų ūkio personalą, veikla",TRUE
evrk_T970000,T970000,"Namų ūkių, samdančių namų ūkio personalą, veikla",TRUE
evrk_T970000,T970000,"Namų ūkių, samdančių namų ūkio personalą, veikla",TRUE
evrk_T980000,T980000,"Privačių namų ūkių veikla, susijusi su savoms reikmėms tenkinti skirtų nediferencijuojamų gaminių gamyba ir paslaugų teikimu",TRUE
evrk_T981000,T981000,"Privačių namų ūkių veikla, susijusi su savoms reikmėms tenkinti skirtų nediferencijuojamų gaminių ar reikmenų gamyba",TRUE
evrk_T981000,T981000,"Privačių namų ūkių veikla, susijusi su savoms reikmėms tenkinti skirtų nediferencijuojamų gaminių ar reikmenų gamyba",TRUE
evrk_T982000,T982000,"Privačių namų ūkių veikla, susijusi su savoms reikmėms tenkinti skirtų nediferencijuojamų paslaugų teikimu",TRUE
evrk_T982000,T982000,"Privačių namų ūkių veikla, susijusi su savoms reikmėms tenkinti skirtų nediferencijuojamų paslaugų teikimu",TRUE
evrk_U990000,U990000,Ekstrateritorinių organizacijų ir įstaigų veikla,TRUE
evrk_U990000,U990000,Ekstrateritorinių organizacijų ir įstaigų veikla,TRUE
evrk_U990000,U990000,Ekstrateritorinių organizacijų ir įstaigų veikla,TRUE
